file,year,subject,gender,grade,tokens,types,errors
graphvar/1948_DE_K1_01_M_11P.xml,1948,DE,M,11,869,361,53
graphvar/1948_DE_K1_02_M_05P.xml,1948,DE,M,05,719,300,49
graphvar/1948_DE_K1_03_M_11P.xml,1948,DE,M,11,989,378,97
graphvar/1948_DE_K1_04_M_11P.xml,1948,DE,M,11,823,373,59
graphvar/1948_DE_K1_05_M_00P.xml,1948,DE,M,00,925,394,90
graphvar/1948_DE_K1_06_M_05P.xml,1948,DE,M,05,779,365,88
graphvar/1948_DE_K1_07_M_05P.xml,1948,DE,M,05,1085,515,105
graphvar/1948_DE_K1_08_M_05P.xml,1948,DE,M,05,658,266,80
graphvar/1948_DE_K1_09_M_05P.xml,1948,DE,M,05,659,285,63
graphvar/1948_DE_K1_10_M_05P.xml,1948,DE,M,05,833,337,79
graphvar/1948_DE_K1_11_M_05P.xml,1948,DE,M,05,690,316,49
graphvar/1948_DE_K1_12_M_05P.xml,1948,DE,M,05,1077,419,86
graphvar/1948_DE_K1_13_M_05P.xml,1948,DE,M,05,673,282,58
graphvar/1948_DE_K1_14_M_05P.xml,1948,DE,M,05,710,294,59
graphvar/1948_DE_K1_15_M_05P.xml,1948,DE,M,05,876,340,75
graphvar/1948_DE_K1_16_M_00P.xml,1948,DE,M,00,1034,340,93
graphvar/1948_DE_K1_17_W_05P.xml,1948,DE,W,05,837,303,76
graphvar/1948_DE_K1_18_W_11P.xml,1948,DE,W,11,1330,461,79
graphvar/1948_DE_K1_19_W_11P.xml,1948,DE,W,11,899,318,89
graphvar/1948_DE_K1_20_W_11P.xml,1948,DE,W,11,1188,481,94
graphvar/1948_DE_K1_21_W_11P.xml,1948,DE,W,11,1147,409,106
graphvar/1948_DE_K1_22_W_11P.xml,1948,DE,W,11,1099,421,79
graphvar/1948_DE_K1_23_W_11P.xml,1948,DE,W,11,913,347,93
graphvar/1948_DE_K1_24_W_11P.xml,1948,DE,W,11,693,270,64
graphvar/1948_DE_K1_25_W_05P.xml,1948,DE,W,05,510,214,42
graphvar/1948_DE_K1_26_W_05P.xml,1948,DE,W,05,688,272,47
graphvar/1948_DE_K1_27_W_02P.xml,1948,DE,W,02,466,214,34
graphvar/1948_DE_K1_28_W_05P.xml,1948,DE,W,05,1088,390,94
graphvar/1948_DE_K1_29_W_05P.xml,1948,DE,W,05,838,320,78
graphvar/1948_DE_K1_30_W_05P.xml,1948,DE,W,05,592,266,36
graphvar/1948_DE_K1_31_W_05P.xml,1948,DE,W,05,1213,477,85
graphvar/1948_DE_K1_32_M_05P.xml,1948,DE,M,05,922,390,54
graphvar/1948_DE_K1_33_M_05P.xml,1948,DE,M,05,1180,431,78
graphvar/1948_DE_K1_34_M_02P.xml,1948,DE,M,02,712,273,59
graphvar/1948_DE_K1_35_M_11P.xml,1948,DE,M,11,867,302,48
graphvar/1948_DE_K1_36_M_05P.xml,1948,DE,M,05,647,249,39
graphvar/1948_DE_K1_37_M_05P.xml,1948,DE,M,05,618,216,45
graphvar/1948_DE_K1_38_M_11P.xml,1948,DE,M,11,1256,475,110
graphvar/1948_DE_K1_39_M_05P.xml,1948,DE,M,05,647,218,43
graphvar/1948_DE_K1_40_M_05P.xml,1948,DE,M,05,951,300,68
graphvar/1948_DE_K1_41_M_05P.xml,1948,DE,M,05,774,268,67
graphvar/1948_DE_K1_42_M_05P.xml,1948,DE,M,05,1080,331,84
graphvar/1948_DE_K1_43_M_05P.xml,1948,DE,M,05,669,264,53
graphvar/1948_DE_K1_44_M_11P.xml,1948,DE,M,11,1002,385,68
graphvar/1948_DE_K1_45_M_05P.xml,1948,DE,M,05,692,267,45
graphvar/1948_DE_K1_46_M_05P.xml,1948,DE,M,05,611,267,48
graphvar/1948_DE_K1_47_M_05P.xml,1948,DE,M,05,787,327,58
graphvar/1948_DE_K1_48_M_05P.xml,1948,DE,M,05,988,406,111
graphvar/1948_DE_K1_49_M_05P.xml,1948,DE,M,05,832,291,103
graphvar/1948_DE_K1_50_M_05P.xml,1948,DE,M,05,1114,377,92
graphvar/1948_DE_K1_51_M_11P.xml,1948,DE,M,11,807,280,52
graphvar/1948_DE_K1_52_M_05P.xml,1948,DE,M,05,850,320,95
graphvar/1949_DE_K1_01_M_05P.xml,1949,DE,M,05,1164,391,5
graphvar/1949_DE_K1_02_M_05P.xml,1949,DE,M,05,752,316,10
graphvar/1949_DE_K1_03_M_05P.xml,1949,DE,M,05,1390,525,21
graphvar/1949_DE_K1_04_M_11P.xml,1949,DE,M,11,867,350,15
graphvar/1949_DE_K1_05_M_11P.xml,1949,DE,M,11,781,330,5
graphvar/1949_DE_K1_06_M_05P.xml,1949,DE,M,05,876,279,20
graphvar/1949_DE_K1_07_M_05P.xml,1949,DE,M,05,787,344,8
graphvar/1949_DE_K1_08_M_00P.xml,1949,DE,M,00,1018,349,15
graphvar/1949_DE_K1_09_M_11P.xml,1949,DE,M,11,1314,504,42
graphvar/1949_DE_K1_10_M_05P.xml,1949,DE,M,05,988,402,7
graphvar/1949_DE_K1_11_M_11P.xml,1949,DE,M,11,994,360,5
graphvar/1949_DE_K2_01_M_11P.xml,1949,DE,M,11,835,302,6
graphvar/1949_DE_K2_02_M_11P.xml,1949,DE,M,11,677,271,16
graphvar/1949_DE_K2_03_M_11P.xml,1949,DE,M,11,902,348,15
graphvar/1949_DE_K2_04_M_05P.xml,1949,DE,M,05,617,262,5
graphvar/1949_DE_K2_05_M_00P.xml,1949,DE,M,00,1098,380,14
graphvar/1949_DE_K2_06_M_08P.xml,1949,DE,M,08,746,304,12
graphvar/1949_DE_K2_07_M_00P.xml,1949,DE,M,00,764,264,6
graphvar/1949_DE_K2_08_M_05P.xml,1949,DE,M,05,596,240,9
graphvar/1949_DE_K2_09_M_00P.xml,1949,DE,M,00,490,222,10
graphvar/1949_DE_K2_10_M_11P.xml,1949,DE,M,11,861,305,3
graphvar/1949_DE_K2_11_M_05P.xml,1949,DE,M,05,816,299,22
graphvar/1949_DE_K2_12_M_05P.xml,1949,DE,M,05,765,308,7
graphvar/1949_DE_K2_13_M_11P.xml,1949,DE,M,11,585,277,7
graphvar/1949_DE_K2_14_M_05P.xml,1949,DE,M,05,728,295,11
graphvar/1949_DE_K2_15_M_05P.xml,1949,DE,M,05,543,245,5
graphvar/1949_DE_K2_16_M_11P.xml,1949,DE,M,11,698,330,9
graphvar/1949_DE_K2_17_M_05P.xml,1949,DE,M,05,601,260,10
graphvar/1949_DE_K2_18_M_05P.xml,1949,DE,M,05,914,313,6
graphvar/1949_DE_K2_19_M_11P.xml,1949,DE,M,11,1039,369,5
graphvar/1949_DE_K2_20_M_00P.xml,1949,DE,M,00,715,263,3
graphvar/1949_DE_K2_21_W_00P.xml,1949,DE,W,00,1233,411,24
graphvar/1949_DE_K2_22_W_05P.xml,1949,DE,W,05,591,273,11
graphvar/1949_DE_K2_23_W_00P.xml,1949,DE,W,00,557,241,9
graphvar/1949_DE_K2_24_W_05P.xml,1949,DE,W,05,1975,652,11
graphvar/1949_DE_K2_25_W_05P.xml,1949,DE,W,05,481,233,13
graphvar/1949_DE_K2_26_W_05P.xml,1949,DE,W,05,795,345,13
graphvar/1949_DE_K2_27_W_05P.xml,1949,DE,W,05,987,315,23
graphvar/1949_DE_K2_28_W_05P.xml,1949,DE,W,05,869,344,27
graphvar/1949_DE_K2_29_W_05P.xml,1949,DE,W,05,691,258,12
graphvar/1949_DE_K2_30_W_11P.xml,1949,DE,W,11,818,364,4
graphvar/1949_DE_K2_31_W_00P.xml,1949,DE,W,00,782,298,10
graphvar/1949_DE_K2_32_W_08P.xml,1949,DE,W,08,939,374,13
graphvar/1949_DE_K2_33_W_05P.xml,1949,DE,W,05,619,253,10
graphvar/1949_DE_K2_34_W_05P.xml,1949,DE,W,05,1106,384,13
graphvar/1949_DE_K2_35_W_00P.xml,1949,DE,W,00,876,353,9
graphvar/1949_DE_K2_36_W_05P.xml,1949,DE,W,05,1068,361,47
graphvar/1949_DE_K2_37_W_05P.xml,1949,DE,W,05,859,356,17
graphvar/1949_DE_K2_38_W_05P.xml,1949,DE,W,05,752,310,8
graphvar/1949_DE_K2_39_W_11P.xml,1949,DE,W,11,807,349,16
graphvar/1949_DE_K2_40_W_05P.xml,1949,DE,W,05,802,319,12
graphvar/1949_DE_K2_41_M_11P.xml,1949,DE,M,11,1236,402,28
graphvar/1949_DE_K2_42_M_05P.xml,1949,DE,M,05,780,278,6
graphvar/1949_DE_K2_43_M_05P.xml,1949,DE,M,05,729,276,8
graphvar/1949_DE_K2_44_M_00P.xml,1949,DE,M,00,717,292,15
graphvar/1949_DE_K2_45_M_05P.xml,1949,DE,M,05,1093,404,9
graphvar/1949_DE_K2_46_M_11P.xml,1949,DE,M,11,1049,414,13
graphvar/1949_DE_K2_47_M_11P.xml,1949,DE,M,11,905,399,26
graphvar/1950_DE_K1_01_M_08P.xml,1950,DE,M,08,1112,386,24
graphvar/1950_DE_K1_02_M_08P.xml,1950,DE,M,08,1343,427,21
graphvar/1950_DE_K1_03_M_08P.xml,1950,DE,M,08,1136,450,30
graphvar/1950_DE_K1_04_M_11P.xml,1950,DE,M,11,1014,376,22
graphvar/1950_DE_K1_05_M_08P.xml,1950,DE,M,08,882,333,20
graphvar/1950_DE_K1_06_M_05P.xml,1950,DE,M,05,637,297,24
graphvar/1950_DE_K1_07_M_08P.xml,1950,DE,M,08,1149,393,19
graphvar/1950_DE_K1_08_M_08P.xml,1950,DE,M,08,1183,452,31
graphvar/1950_DE_K1_09_M_08P.xml,1950,DE,M,08,776,275,14
graphvar/1950_DE_K1_10_M_08P.xml,1950,DE,M,08,1062,398,20
graphvar/1950_DE_K1_11_M_08P.xml,1950,DE,M,08,779,284,9
graphvar/1950_DE_K1_12_M_11P.xml,1950,DE,M,11,1062,289,5
graphvar/1950_DE_K1_13_M_08P.xml,1950,DE,M,08,703,257,21
graphvar/1950_DE_K1_14_M_05P.xml,1950,DE,M,05,882,280,12
graphvar/1950_DE_K1_15_M_08P.xml,1950,DE,M,08,1011,418,23
graphvar/1950_DE_K1_16_M_11P.xml,1950,DE,M,11,1251,376,19
graphvar/1950_DE_K1_17_M_05P.xml,1950,DE,M,05,919,365,17
graphvar/1950_DE_K1_18_M_11P.xml,1950,DE,M,11,645,272,9
graphvar/1950_DE_K1_19_M_08P.xml,1950,DE,M,08,1100,367,18
graphvar/1950_DE_K1_20_M_08P.xml,1950,DE,M,08,990,386,16
graphvar/1950_DE_K1_21_M_08P.xml,1950,DE,M,08,754,259,21
graphvar/1950_DE_K1_22_M_08P.xml,1950,DE,M,08,528,196,8
graphvar/1950_DE_K1_23_M_08P.xml,1950,DE,M,08,717,249,21
graphvar/1950_DE_K1_24_M_08P.xml,1950,DE,M,08,1445,435,29
graphvar/1950_DE_K1_25_M_11P.xml,1950,DE,M,11,917,394,18
graphvar/1950_DE_K1_26_M_11P.xml,1950,DE,M,11,997,374,13
graphvar/1950_DE_K1_27_M_08P.xml,1950,DE,M,08,1145,412,25
graphvar/1950_DE_K1_28_M_11P.xml,1950,DE,M,11,1337,431,21
graphvar/1950_DE_K1_29_M_08P.xml,1950,DE,M,08,850,309,16
graphvar/1950_DE_K1_30_M_08P.xml,1950,DE,M,08,874,369,24
graphvar/1950_DE_K1_31_M_08P.xml,1950,DE,M,08,970,373,16
graphvar/1950_DE_K1_32_M_08P.xml,1950,DE,M,08,857,339,12
graphvar/1950_DE_K1_33_M_08P.xml,1950,DE,M,08,1071,385,23
graphvar/1950_DE_K1_34_M_05P.xml,1950,DE,M,05,1123,364,12
graphvar/1950_DE_K1_35_M_11P.xml,1950,DE,M,11,1160,462,21
graphvar/1950_DE_K1_36_M_08P.xml,1950,DE,M,08,1178,404,28
graphvar/1950_DE_K1_37_M_08P.xml,1950,DE,M,08,1091,456,34
graphvar/1952_BIO_K1_01_M_11P.xml,1952,BIO,M,11,766,308,52
graphvar/1952_BIO_K1_02_M_11P.xml,1952,BIO,M,11,613,273,38
graphvar/1952_BIO_K1_03_M_08P.xml,1952,BIO,M,08,449,215,44
graphvar/1952_BIO_K1_04_M_08P.xml,1952,BIO,M,08,474,211,48
graphvar/1952_BIO_K1_05_M_08P.xml,1952,BIO,M,08,448,199,40
graphvar/1952_DEU_K1_01_M_05P.xml,1952,DEU,M,05,786,274,74
graphvar/1952_DEU_K1_02_M_02P.xml,1952,DEU,M,02,764,342,94
graphvar/1952_DEU_K1_03_M_08P.xml,1952,DEU,M,08,1100,380,108
graphvar/1952_DEU_K1_04_M_11P.xml,1952,DEU,M,11,1046,431,92
graphvar/1952_DEU_K1_05_M_05P.xml,1952,DEU,M,05,936,331,96
graphvar/1952_DEU_K1_06_M_08P.xml,1952,DEU,M,08,978,406,64
graphvar/1952_DEU_K1_07_M_08P.xml,1952,DEU,M,08,650,272,71
graphvar/1952_DEU_K1_08_M_05P.xml,1952,DEU,M,05,786,360,97
graphvar/1952_DEU_K1_09_M_11P.xml,1952,DEU,M,11,1169,460,84
graphvar/1952_DEU_K1_10_M_08P.xml,1952,DEU,M,08,762,324,93
graphvar/1952_DEU_K1_11_M_08P.xml,1952,DEU,M,08,971,413,96
graphvar/1952_DEU_K1_12_M_02P.xml,1952,DEU,M,02,796,377,67
graphvar/1952_DEU_K1_13_M_05P.xml,1952,DEU,M,05,556,269,71
graphvar/1952_DEU_K1_14_M_05P.xml,1952,DEU,M,05,613,239,59
graphvar/1952_DEU_K1_15_M_08P.xml,1952,DEU,M,08,741,314,72
graphvar/1952_DEU_K1_16_M_05P.xml,1952,DEU,M,05,1040,361,93
graphvar/1952_DEU_K1_17_M_05P.xml,1952,DEU,M,05,932,320,97
graphvar/1952_DEU_K1_18_M_08P.xml,1952,DEU,M,08,918,407,82
graphvar/1952_DEU_K1_19_M_02P.xml,1952,DEU,M,02,757,309,71
graphvar/1952_DEU_K1_20_M_05P.xml,1952,DEU,M,05,633,267,56
graphvar/1952_DEU_K1_21_M_05P.xml,1952,DEU,M,05,689,266,69
graphvar/1952_DEU_K1_22_M_05P.xml,1952,DEU,M,05,987,385,88
graphvar/1952_DEU_K2_01_M_05P.xml,1952,DEU,M,05,1008,382,103
graphvar/1952_DEU_K2_02_M_08P.xml,1952,DEU,M,08,762,285,65
graphvar/1952_DEU_K2_03_M_08P.xml,1952,DEU,M,08,693,264,51
graphvar/1952_DEU_K2_04_M_05P.xml,1952,DEU,M,05,734,286,85
graphvar/1958_BIO_K1_01_M_08P.xml,1958,BIO,M,08,923,333,8
graphvar/1958_BIO_K1_02_M_05P.xml,1958,BIO,M,05,969,362,7
graphvar/1958_BIO_K1_03_M_05P.xml,1958,BIO,M,05,999,357,28
graphvar/1958_BIO_K1_04_M_11P.xml,1958,BIO,M,11,1097,501,25
graphvar/1958_BIO_K1_05_M_05P.xml,1958,BIO,M,05,834,326,22
graphvar/1958_BIO_K1_06_M_08P.xml,1958,BIO,M,08,654,262,15
graphvar/1958_BIO_K1_07_M_08P.xml,1958,BIO,M,08,1055,431,27
graphvar/1958_BIO_K1_08_M_08P.xml,1958,BIO,M,08,1092,418,29
graphvar/1958_BIO_K1_09_M_11P.xml,1958,BIO,M,11,936,409,24
graphvar/1958_BIO_K1_10_M_08P.xml,1958,BIO,M,08,903,388,17
graphvar/1958_BIO_K1_11_M_08P.xml,1958,BIO,M,08,938,408,26
graphvar/1958_BIO_K1_12_M_08P.xml,1958,BIO,M,08,1311,478,32
graphvar/1958_DE_K1_01_M_11P.xml,1958,DE,M,11,931,351,16
graphvar/1958_DE_K1_02_M_11P.xml,1958,DE,M,11,903,374,11
graphvar/1958_DE_K1_03_M_08P.xml,1958,DE,M,08,1102,446,16
graphvar/1958_DE_K1_04_M_08P.xml,1958,DE,M,08,1038,386,11
graphvar/1958_DE_K1_05_M_02P.xml,1958,DE,M,02,527,251,9
graphvar/1958_DE_K1_06_M_08P.xml,1958,DE,M,08,897,396,8
graphvar/1958_DE_K1_07_M_08P.xml,1958,DE,M,08,1050,423,9
graphvar/1958_DE_K1_08_M_05P.xml,1958,DE,M,05,952,380,5
graphvar/1958_DE_K1_09_M_05P.xml,1958,DE,M,05,1077,392,16
graphvar/1958_DE_K1_10_M_14P.xml,1958,DE,M,14,1630,514,12
graphvar/1958_DE_K1_11_M_14P.xml,1958,DE,M,14,1191,466,16
graphvar/1958_DE_K1_12_M_11P.xml,1958,DE,M,11,1374,481,17
graphvar/1958_DE_K1_13_M_08P.xml,1958,DE,M,08,1233,471,15
graphvar/1958_DE_K1_14_M_08P.xml,1958,DE,M,08,992,419,10
graphvar/1958_DE_K1_15_M_08P.xml,1958,DE,M,08,746,310,7
graphvar/1958_DE_K1_16_M_05P.xml,1958,DE,M,05,1052,405,17
graphvar/1958_DE_K1_17_M_05P.xml,1958,DE,M,05,1045,353,12
graphvar/1958_DE_K1_18_M_05P.xml,1958,DE,M,05,1007,313,17
graphvar/1958_DE_K1_19_M_08P.xml,1958,DE,M,08,709,334,11
graphvar/1958_DE_K1_20_M_08P.xml,1958,DE,M,08,1004,321,12
graphvar/1958_DE_K1_21_M_08P.xml,1958,DE,M,08,931,269,15
graphvar/1958_DE_K1_22_M_05P.xml,1958,DE,M,05,789,245,5
graphvar/1958_DE_K1_23_M_05P.xml,1958,DE,M,05,894,328,17
graphvar/1958_DE_K1_24_M_02P.xml,1958,DE,M,02,1231,436,9
graphvar/1958_DE_K2_01_M_05P.xml,1958,DE,M,05,745,252,5
graphvar/1958_DE_K2_02_M_11P.xml,1958,DE,M,11,811,301,8
graphvar/1958_DE_K2_03_M_08P.xml,1958,DE,M,08,1066,320,8
graphvar/1958_DE_K2_04_M_14P.xml,1958,DE,M,14,1001,407,2
graphvar/1958_DE_K2_05_M_05P.xml,1958,DE,M,05,715,236,15
graphvar/1958_DE_K2_06_M_05P.xml,1958,DE,M,05,730,269,17
graphvar/1958_DE_K2_07_M_05P.xml,1958,DE,M,05,766,270,7
graphvar/1958_DE_K2_08_M_08P.xml,1958,DE,M,08,892,333,11
graphvar/1958_DE_K2_09_M_08P.xml,1958,DE,M,08,988,422,6
graphvar/1958_DE_K2_10_M_08P.xml,1958,DE,M,08,860,344,11
graphvar/1958_DE_K2_11_M_05P.xml,1958,DE,M,05,733,323,3
graphvar/1958_DE_K2_12_M_11P.xml,1958,DE,M,11,943,337,7
graphvar/1958_DE_K2_13_M_05P.xml,1958,DE,M,05,729,261,5
graphvar/1958_DE_K2_14_M_05P.xml,1958,DE,M,05,738,245,6
graphvar/1958_DE_K2_15_M_05P.xml,1958,DE,M,05,608,279,10
graphvar/1958_DE_K2_16_M_05P.xml,1958,DE,M,05,948,349,18
graphvar/1958_DE_K2_17_M_08P.xml,1958,DE,M,08,734,316,12
graphvar/1958_DE_K2_18_M_08P.xml,1958,DE,M,08,635,251,10
graphvar/1958_DE_K2_19_M_05P.xml,1958,DE,M,05,781,290,11
graphvar/1958_DE_K2_20_M_05P.xml,1958,DE,M,05,815,331,11
graphvar/1958_DE_K2_21_M_08P.xml,1958,DE,M,08,783,270,8
graphvar/1958_DE_K2_22_M_14P.xml,1958,DE,M,14,874,346,10
graphvar/1963_BIO_K1_01_M_08P.xml,1963,BIO,M,08,629,266,75
graphvar/1963_BIO_K1_02_M_08P.xml,1963,BIO,M,08,611,268,58
graphvar/1963_BIO_K1_03_M_11P.xml,1963,BIO,M,11,998,420,123
graphvar/1963_BIO_K1_04_M_08P.xml,1963,BIO,M,08,1167,400,150
graphvar/1963_BIO_K1_05_M_08P.xml,1963,BIO,M,08,1049,407,90
graphvar/1963_BIO_K1_06_M_08P.xml,1963,BIO,M,08,966,342,123
graphvar/1963_BIO_K1_07_M_05P.xml,1963,BIO,M,05,811,315,99
graphvar/1963_BIO_K1_08_M_02P.xml,1963,BIO,M,02,695,285,81
graphvar/1963_BIO_K1_09_M_00P.xml,1963,BIO,M,00,258,137,32
graphvar/1963_BIO_K2_01_M_05P.xml,1963,BIO,M,05,1234,384,110
graphvar/1963_BIO_K2_02_M_05P.xml,1963,BIO,M,05,612,267,62
graphvar/1963_BIO_K2_03_M_08P.xml,1963,BIO,M,08,1000,393,146
graphvar/1963_BIO_K2_04_M_08P.xml,1963,BIO,M,08,1317,514,148
graphvar/1963_BIO_K2_05_M_08P.xml,1963,BIO,M,08,753,313,96
graphvar/1963_BIO_K2_06_M_05P.xml,1963,BIO,M,05,1001,372,135
graphvar/1963_BIO_K2_07_M_05P.xml,1963,BIO,M,05,985,362,101
graphvar/1963_BIO_K2_08_M_05P.xml,1963,BIO,M,05,785,332,86
graphvar/1963_BIO_K2_09_M_02P.xml,1963,BIO,M,02,591,270,56
graphvar/1963_DE_K1_01_M_05P.xml,1963,DE,M,05,962,367,82
graphvar/1963_DE_K1_02_M_02P.xml,1963,DE,M,02,1011,339,64
graphvar/1963_DE_K1_03_M_11P.xml,1963,DE,M,11,809,296,69
graphvar/1963_DE_K1_04_M_08P.xml,1963,DE,M,08,704,257,48
graphvar/1963_DE_K1_05_M_11P.xml,1963,DE,M,11,1108,401,88
graphvar/1963_DE_K1_06_M_11P.xml,1963,DE,M,11,886,347,75
graphvar/1963_DE_K1_07_M_08P.xml,1963,DE,M,08,937,401,78
graphvar/1963_DE_K1_08_M_11P.xml,1963,DE,M,11,990,359,66
graphvar/1963_DE_K1_09_M_08P.xml,1963,DE,M,08,996,394,79
graphvar/1963_DE_K1_10_M_08P.xml,1963,DE,M,08,930,391,82
graphvar/1963_DE_K1_11_M_08P.xml,1963,DE,M,08,1059,391,89
graphvar/1963_DE_K1_12_M_08P.xml,1963,DE,M,08,959,346,84
graphvar/1963_DE_K1_13_M_08P.xml,1963,DE,M,08,852,364,68
graphvar/1963_DE_K1_14_M_05P.xml,1963,DE,M,05,1178,398,88
graphvar/1963_DE_K1_15_M_05P.xml,1963,DE,M,05,912,344,82
graphvar/1963_DE_K1_16_M_05P.xml,1963,DE,M,05,928,351,72
graphvar/1963_DE_K1_17_M_05P.xml,1963,DE,M,05,829,359,65
graphvar/1963_DE_K1_18_M_05P.xml,1963,DE,M,05,907,328,81
graphvar/1963_DE_K1_19_M_08P.xml,1963,DE,M,08,897,346,81
graphvar/1963_DE_K1_20_M_08P.xml,1963,DE,M,08,1020,383,99
graphvar/1963_DE_K1_21_M_08P.xml,1963,DE,M,08,1007,380,109
graphvar/1963_DE_K1_22_M_02P.xml,1963,DE,M,02,983,328,90
graphvar/1963_DE_K2_01_M_08P.xml,1963,DE,M,08,1326,414,130
graphvar/1963_DE_K2_02_M_08P.xml,1963,DE,M,08,1167,411,95
graphvar/1963_DE_K2_03_M_11P.xml,1963,DE,M,11,1033,385,88
graphvar/1963_DE_K2_04_M_08P.xml,1963,DE,M,08,1063,402,96
graphvar/1963_DE_K2_05_M_08P.xml,1963,DE,M,08,1132,407,78
graphvar/1963_DE_K2_06_M_08P.xml,1963,DE,M,08,1057,442,87
graphvar/1963_DE_K2_07_M_08P.xml,1963,DE,M,08,694,250,47
graphvar/1963_DE_K2_08_M_05P.xml,1963,DE,M,05,891,293,84
graphvar/1963_DE_K2_09_M_05P.xml,1963,DE,M,05,1060,377,117
graphvar/1963_DE_K2_10_M_05P.xml,1963,DE,M,05,870,331,83
graphvar/1963_DE_K2_11_M_02P.xml,1963,DE,M,02,1171,414,144
graphvar/1963_DE_K2_12_M_02P.xml,1963,DE,M,02,899,320,85
graphvar/1963_DE_K2_13_M_05P.xml,1963,DE,M,05,723,253,72
graphvar/1963_DE_K2_14_M_05P.xml,1963,DE,M,05,972,402,69
graphvar/1963_DE_K2_15_M_02P.xml,1963,DE,M,02,999,332,88
graphvar/1963_DE_K2_16_M_08P.xml,1963,DE,M,08,1061,396,114
graphvar/1963_DE_K2_17_M_05P.xml,1963,DE,M,05,951,373,96
graphvar/1963_DE_K2_18_M_05P.xml,1963,DE,M,05,952,355,88
graphvar/1963_DE_K2_19_M_05P.xml,1963,DE,M,05,1230,457,80
graphvar/1963_DE_K2_20_M_08P.xml,1963,DE,M,08,1017,417,75
graphvar/1963_DE_K2_21_M_11P.xml,1963,DE,M,11,927,357,54
graphvar/1963_DE_K3_01_M_05P.xml,1963,DE,M,05,1046,383,109
graphvar/1963_DE_K3_02_M_05P.xml,1963,DE,M,05,1106,358,91
graphvar/1963_DE_K3_03_M_05P.xml,1963,DE,M,05,930,336,76
graphvar/1963_DE_K3_04_M_05P.xml,1963,DE,M,05,945,333,84
graphvar/1963_DE_K3_05_M_11P.xml,1963,DE,M,11,1079,406,115
graphvar/1963_DE_K3_06_M_05P.xml,1963,DE,M,05,1337,353,101
graphvar/1963_DE_K3_07_M_08P.xml,1963,DE,M,08,1155,375,106
graphvar/1963_DE_K3_08_M_11P.xml,1963,DE,M,11,782,296,64
graphvar/1963_DE_K3_09_M_08P.xml,1963,DE,M,08,699,240,82
graphvar/1963_DE_K3_10_M_08P.xml,1963,DE,M,08,905,347,81
graphvar/1963_DE_K3_11_M_08P.xml,1963,DE,M,08,1085,435,101
graphvar/1963_DE_K3_12_M_08P.xml,1963,DE,M,08,1278,409,93
graphvar/1968_DE_K1_01_M_11P.xml,1968,DE,M,11,1307,455,98
graphvar/1968_DE_K1_02_M_08P.xml,1968,DE,M,08,1131,445,83
graphvar/1968_DE_K1_03_M_08P.xml,1968,DE,M,08,1247,407,112
graphvar/1968_DE_K1_04_M_08P.xml,1968,DE,M,08,1144,332,93
graphvar/1968_DE_K1_05_M_08P.xml,1968,DE,M,08,1222,426,90
graphvar/1968_DE_K1_06_M_08P.xml,1968,DE,M,08,1694,467,122
graphvar/1968_DE_K1_07_M_08P.xml,1968,DE,M,08,1409,410,131
graphvar/1968_DE_K1_08_M_05P.xml,1968,DE,M,05,1189,401,93
graphvar/1968_DE_K1_09_M_05P.xml,1968,DE,M,05,1176,390,79
graphvar/1968_DE_K1_10_M_05P.xml,1968,DE,M,05,1521,523,148
graphvar/1968_DE_K1_11_M_05P.xml,1968,DE,M,05,1205,372,111
graphvar/1968_DE_K1_12_M_05P.xml,1968,DE,M,05,926,327,64
graphvar/1968_DE_K1_13_M_05P.xml,1968,DE,M,05,786,252,67
graphvar/1968_DE_K1_14_M_05P.xml,1968,DE,M,05,1561,441,136
graphvar/1968_DE_K1_15_M_02P.xml,1968,DE,M,02,1185,412,87
graphvar/1968_DE_K1_16_M_02P.xml,1968,DE,M,02,1161,397,97
graphvar/1968_DE_K1_17_M_02P.xml,1968,DE,M,02,1203,472,107
graphvar/1968_DE_K2_01_M_11P.xml,1968,DE,M,11,1297,409,95
graphvar/1968_DE_K2_02_M_11P.xml,1968,DE,M,11,1073,393,73
graphvar/1968_DE_K2_03_M_08P.xml,1968,DE,M,08,1503,513,97
graphvar/1968_DE_K2_04_M_08P.xml,1968,DE,M,08,1379,479,86
graphvar/1968_DE_K2_05_M_08P.xml,1968,DE,M,08,1468,532,90
graphvar/1968_DE_K2_06_M_08P.xml,1968,DE,M,08,988,387,62
graphvar/1968_DE_K2_07_M_05P.xml,1968,DE,M,05,1128,421,92
graphvar/1968_DE_K2_08_M_05P.xml,1968,DE,M,05,945,371,57
graphvar/1968_DE_K2_09_M_05P.xml,1968,DE,M,05,1214,444,72
graphvar/1968_DE_K2_10_M_05P.xml,1968,DE,M,05,1331,421,80
graphvar/1968_DE_K2_11_M_05P.xml,1968,DE,M,05,1380,421,112
graphvar/1968_DE_K2_12_M_05P.xml,1968,DE,M,05,1004,397,52
graphvar/1968_DE_K2_13_M_02P.xml,1968,DE,M,02,965,348,55
graphvar/1968_DE_K2_14_M_02P.xml,1968,DE,M,02,1280,379,83
graphvar/1968_DE_K2_15_M_02P.xml,1968,DE,M,02,1150,342,88
graphvar/1968_DE_K2_16_M_02P.xml,1968,DE,M,02,1104,341,97
graphvar/1968_DE_K3_01_M_11P.xml,1968,DE,M,11,1178,398,84
graphvar/1968_DE_K3_02_M_08P.xml,1968,DE,M,08,912,321,53
graphvar/1968_DE_K3_03_M_08P.xml,1968,DE,M,08,1074,432,82
graphvar/1968_DE_K3_04_M_05P.xml,1968,DE,M,05,1145,398,80
graphvar/1968_DE_K3_05_M_08P.xml,1968,DE,M,08,1017,467,91
graphvar/1968_DE_K3_06_M_08P.xml,1968,DE,M,08,1078,332,73
graphvar/1968_DE_K3_07_M_05P.xml,1968,DE,M,05,983,397,58
graphvar/1968_DE_K3_08_M_05P.xml,1968,DE,M,05,892,331,59
graphvar/1968_DE_K3_09_M_05P.xml,1968,DE,M,05,683,244,62
graphvar/1968_DE_K3_10_M_02P.xml,1968,DE,M,02,670,255,63
graphvar/1968_DE_K3_11_M_11P.xml,1968,DE,M,11,689,236,48
graphvar/1968_DE_K3_12_M_05P.xml,1968,DE,M,05,1250,383,91
graphvar/1968_DE_K3_13_M_11P.xml,1968,DE,M,11,963,354,78
graphvar/1968_DE_K3_14_M_08P.xml,1968,DE,M,08,797,301,48
graphvar/1968_DE_K3_15_M_08P.xml,1968,DE,M,08,948,277,68
graphvar/1968_DE_K3_16_M_08P.xml,1968,DE,M,08,859,331,75
graphvar/1968_DE_K3_17_M_05P.xml,1968,DE,M,05,1036,298,82
graphvar/1968_DE_K4_01_M_05P.xml,1968,DE,M,05,1218,382,90
graphvar/1968_DE_K4_02_M_08P.xml,1968,DE,M,08,1478,493,143
graphvar/1968_DE_K4_03_M_05P.xml,1968,DE,M,05,745,315,44
graphvar/1968_DE_K4_04_M_11P.xml,1968,DE,M,11,1069,454,88
graphvar/1968_DE_K4_05_M_11P.xml,1968,DE,M,11,903,311,67
graphvar/1968_DE_K4_06_M_08P.xml,1968,DE,M,08,1137,393,107
graphvar/1968_DE_K4_07_M_08P.xml,1968,DE,M,08,855,284,63
graphvar/1968_DE_K4_08_M_05P.xml,1968,DE,M,05,984,336,76
graphvar/1968_DE_K4_09_M_05P.xml,1968,DE,M,05,661,254,46
graphvar/1968_DE_K4_10_M_05P.xml,1968,DE,M,05,1020,372,82
graphvar/1968_DE_K4_11_M_05P.xml,1968,DE,M,05,820,282,70
graphvar/1968_DE_K4_12_M_02P.xml,1968,DE,M,02,806,301,75
graphvar/1968_DE_K4_13_M_02P.xml,1968,DE,M,02,1360,438,70
graphvar/1968_DE_K4_14_M_08P.xml,1968,DE,M,08,910,302,86
graphvar/1968_DE_K4_15_M_08P.xml,1968,DE,M,08,1047,390,98
graphvar/1968_DE_K4_16_M_05P.xml,1968,DE,M,05,1228,413,105
graphvar/1968_DE_K4_17_M_05P.xml,1968,DE,M,05,624,246,46
graphvar/1968_DE_K4_18_M_05P.xml,1968,DE,M,05,894,326,79
graphvar/1968_DE_K4_19_M_02P.xml,1968,DE,M,02,767,311,64
graphvar/1974_DE_K1_01_M_11P.xml,1974,DE,M,11,1409,450,206
graphvar/1974_DE_K1_02_M_08P.xml,1974,DE,M,08,892,374,100
graphvar/1974_DE_K1_03_M_08P.xml,1974,DE,M,08,1488,423,135
graphvar/1974_DE_K1_04_M_11P.xml,1974,DE,M,11,1110,350,108
graphvar/1974_DE_K1_05_M_11P.xml,1974,DE,M,11,1085,419,116
graphvar/1974_DE_K1_06_M_11P.xml,1974,DE,M,11,1248,382,105
graphvar/1974_DE_K1_07_M_08P.xml,1974,DE,M,08,1409,425,132
graphvar/1974_DE_K1_08_M_08P.xml,1974,DE,M,08,1226,388,116
graphvar/1974_DE_K1_09_M_11P.xml,1974,DE,M,11,798,312,75
graphvar/1974_DE_K1_10_M_14P.xml,1974,DE,M,14,1505,436,210
graphvar/1974_DE_K1_11_M_11P.xml,1974,DE,M,11,1569,504,143
graphvar/1974_DE_K1_12_M_08P.xml,1974,DE,M,08,643,282,44
graphvar/1974_DE_K1_13_M_08P.xml,1974,DE,M,08,1175,465,108
graphvar/1974_DE_K1_14_M_08P.xml,1974,DE,M,08,1177,390,89
graphvar/1974_DE_K1_15_M_08P.xml,1974,DE,M,08,767,312,92
graphvar/1974_DE_K1_16_M_08P.xml,1974,DE,M,08,1174,392,135
graphvar/1974_DE_K1_17_M_08P.xml,1974,DE,M,08,1001,394,68
graphvar/1974_DE_K1_18_M_08P.xml,1974,DE,M,08,828,380,79
graphvar/1974_DE_K1_19_M_08P.xml,1974,DE,M,08,1142,444,71
graphvar/1974_DE_K2_01_M_02P.xml,1974,DE,M,02,1151,413,100
graphvar/1974_DE_K2_02_M_05P.xml,1974,DE,M,05,1216,472,114
graphvar/1974_DE_K2_03_M_05P.xml,1974,DE,M,05,865,333,71
graphvar/1974_DE_K2_04_M_08P.xml,1974,DE,M,08,655,262,67
graphvar/1974_DE_K2_05_M_11P.xml,1974,DE,M,11,1010,405,87
graphvar/1974_DE_K2_06_M_05P.xml,1974,DE,M,05,613,247,64
graphvar/1974_DE_K2_07_M_08P.xml,1974,DE,M,08,1021,324,84
graphvar/1974_DE_K2_08_M_02P.xml,1974,DE,M,02,978,384,158
graphvar/1974_DE_K2_09_M_05P.xml,1974,DE,M,05,907,347,85
graphvar/1974_DE_K2_10_M_08P.xml,1974,DE,M,08,1054,408,81
graphvar/1974_DE_K2_11_M_08P.xml,1974,DE,M,08,910,355,112
graphvar/1974_DE_K2_12_M_05P.xml,1974,DE,M,05,992,351,84
graphvar/1974_DE_K2_13_M_11P.xml,1974,DE,M,11,1125,363,132
graphvar/1974_DE_K2_14_M_05P.xml,1974,DE,M,05,708,325,81
graphvar/1974_DE_K2_15_M_05P.xml,1974,DE,M,05,1055,348,72
graphvar/1974_DE_K2_16_M_08P.xml,1974,DE,M,08,972,346,68
graphvar/1974_DE_K2_17_M_11P.xml,1974,DE,M,11,1044,393,97
graphvar/1974_DE_K3_01_M_02P.xml,1974,DE,M,02,1326,370,169
graphvar/1974_DE_K3_02_M_02P.xml,1974,DE,M,02,1283,426,133
graphvar/1974_DE_K3_03_M_02P.xml,1974,DE,M,02,830,335,69
graphvar/1974_DE_K3_04_M_02P.xml,1974,DE,M,02,1345,336,105
graphvar/1974_DE_K3_05_M_02P.xml,1974,DE,M,02,522,247,39
graphvar/1974_DE_K3_06_M_05P.xml,1974,DE,M,05,1172,397,86
graphvar/1974_DE_K3_07_M_05P.xml,1974,DE,M,05,1306,403,144
graphvar/1974_DE_K3_08_M_05P.xml,1974,DE,M,05,1154,397,64
graphvar/1974_DE_K3_09_M_05P.xml,1974,DE,M,05,1005,326,104
graphvar/1974_DE_K3_10_M_05P.xml,1974,DE,M,05,1103,407,180
graphvar/1974_DE_K3_11_M_08P.xml,1974,DE,M,08,1758,508,294
graphvar/1974_DE_K3_12_M_08P.xml,1974,DE,M,08,827,270,90
graphvar/1974_DE_K3_13_M_08P.xml,1974,DE,M,08,1188,328,80
graphvar/1974_DE_K3_14_M_11P.xml,1974,DE,M,11,1324,443,159
graphvar/1974_DE_K3_15_M_11P.xml,1974,DE,M,11,1019,320,72
graphvar/1974_DE_K3_16_M_11P.xml,1974,DE,M,11,1707,489,152
graphvar/1974_DE_K3_17_M_14P.xml,1974,DE,M,14,1263,449,180
graphvar/1978_DE_K1_01_M_08P.xml,1978,DE,M,08,1691,524,159
graphvar/1978_DE_K1_02_M_08P.xml,1978,DE,M,08,1336,401,104
graphvar/1978_DE_K1_03_M_08P.xml,1978,DE,M,08,886,355,103
graphvar/1978_DE_K1_04_M_11P.xml,1978,DE,M,11,806,320,71
graphvar/1978_DE_K1_05_M_11P.xml,1978,DE,M,11,1604,582,113
graphvar/1978_DE_K1_06_W_05P.xml,1978,DE,W,05,875,340,83
graphvar/1978_DE_K1_07_M_05P.xml,1978,DE,M,05,1371,401,123
graphvar/1978_DE_K1_08_M_08P.xml,1978,DE,M,08,1101,422,92
graphvar/1978_DE_K1_09_M_05P.xml,1978,DE,M,05,1287,464,119
graphvar/1978_DE_K1_10_M_02P.xml,1978,DE,M,02,986,345,101
graphvar/1978_DE_K1_11_M_05P.xml,1978,DE,M,05,976,364,92
graphvar/1978_DE_K1_12_W_14P.xml,1978,DE,W,14,1587,489,98
graphvar/1978_DE_K1_13_M_05P.xml,1978,DE,M,05,1125,373,97
graphvar/1978_DE_K1_14_M_05P.xml,1978,DE,M,05,1066,330,82
graphvar/1978_DE_K1_15_W_11P.xml,1978,DE,W,11,1109,348,104
graphvar/1978_DE_K1_16_M_08P.xml,1978,DE,M,08,1112,399,77
graphvar/1978_DE_K2_01_M_08P.xml,1978,DE,M,08,873,320,70
graphvar/1978_DE_K2_02_M_11P.xml,1978,DE,M,11,1040,415,55
graphvar/1978_DE_K2_03_M_08P.xml,1978,DE,M,08,998,371,87
graphvar/1978_DE_K2_04_M_05P.xml,1978,DE,M,05,1056,360,104
graphvar/1978_DE_K2_05_M_05P.xml,1978,DE,M,05,956,328,83
graphvar/1978_DE_K2_06_M_05P.xml,1978,DE,M,05,732,278,58
graphvar/1978_DE_K2_07_M_05P.xml,1978,DE,M,05,1076,353,92
graphvar/1978_DE_K2_08_M_08P.xml,1978,DE,M,08,1221,413,102
graphvar/1978_DE_K2_09_M_02P.xml,1978,DE,M,02,1116,346,99
graphvar/1978_DE_K2_10_M_08P.xml,1978,DE,M,08,1402,408,168
graphvar/1978_DE_K2_11_M_08P.xml,1978,DE,M,08,980,420,61
graphvar/1978_DE_K2_12_M_11P.xml,1978,DE,M,11,867,363,66
graphvar/1978_DE_K2_13_M_05P.xml,1978,DE,M,05,1207,333,72
graphvar/1978_DE_K2_14_M_05P.xml,1978,DE,M,05,886,360,76
graphvar/1978_DE_K2_15_M_08P.xml,1978,DE,M,08,1481,423,104
graphvar/1978_DE_K2_16_M_11P.xml,1978,DE,M,11,1065,357,77
graphvar/1978_DE_K3_01_M_11P.xml,1978,DE,M,11,1375,470,144
graphvar/1978_DE_K3_02_M_08P.xml,1978,DE,M,08,1012,407,80
graphvar/1978_DE_K3_03_M_11P.xml,1978,DE,M,11,1162,435,89
graphvar/1978_DE_K3_04_M_11P.xml,1978,DE,M,11,1244,464,77
graphvar/1978_DE_K3_05_M_02P.xml,1978,DE,M,02,1107,321,63
graphvar/1978_DE_K3_06_W_08P.xml,1978,DE,W,08,1413,496,147
graphvar/1978_DE_K3_07_M_05P.xml,1978,DE,M,05,963,354,78
graphvar/1978_DE_K3_08_W_08P.xml,1978,DE,W,08,1943,548,170
graphvar/1978_DE_K3_09_M_08P.xml,1978,DE,M,08,1005,336,77
graphvar/1978_DE_K3_10_M_05P.xml,1978,DE,M,05,886,319,58
graphvar/1978_DE_K3_11_M_08P.xml,1978,DE,M,08,1232,450,111
graphvar/1978_DE_K3_12_M_11P.xml,1978,DE,M,11,1371,388,136
graphvar/1978_DE_K3_13_W_08P.xml,1978,DE,W,08,1470,507,123
graphvar/1978_DE_K3_14_W_08P.xml,1978,DE,W,08,2054,606,165
graphvar/1978_DE_K3_15_M_08P.xml,1978,DE,M,08,1194,472,97
graphvar/1978_DE_K3_16_W_08P.xml,1978,DE,W,08,1211,335,113
graphvar/1978_DE_K3_17_W_08P.xml,1978,DE,W,08,1305,391,108
graphvar/1978_DE_K3_18_W_08P.xml,1978,DE,W,08,1271,420,92
graphvar/1978_DE_K3_19_W_05P.xml,1978,DE,W,05,1022,383,69
graphvar/1978_DE_K3_20_M_08P.xml,1978,DE,M,08,1359,457,99
graphvar/1978_DE_K3_21_W_08P.xml,1978,DE,W,08,932,332,75
graphvar/1978_DE_K3_22_W_08P.xml,1978,DE,W,08,1147,416,112
graphvar/1978_DE_K3_23_M_08P.xml,1978,DE,M,08,1318,439,188
graphvar/1978_DE_K3_24_M_08P.xml,1978,DE,M,08,1444,495,159
graphvar/1983_BIO_GK1_01_M_09P.xml,1983,BIO,M,09,1034,441,24
graphvar/1983_BIO_GK1_02_M_05P.xml,1983,BIO,M,05,1129,458,33
graphvar/1983_BIO_GK1_03_W_03P.xml,1983,BIO,W,03,1032,392,37
graphvar/1983_BIO_GK1_04_M_02P.xml,1983,BIO,M,02,1323,449,55
graphvar/1983_BIO_GK1_05_W_05P.xml,1983,BIO,W,05,1087,419,28
graphvar/1983_BIO_GK1_06_M_03P.xml,1983,BIO,M,03,1099,399,64
graphvar/1983_BIO_GK1_07_M_07P.xml,1983,BIO,M,07,1467,509,113
graphvar/1983_BIO_GK1_08_M_05P.xml,1983,BIO,M,05,1334,461,90
graphvar/1983_BIO_LK1_01_M_09P.xml,1983,BIO,M,09,1284,417,42
graphvar/1983_BIO_LK1_02_M_01P.xml,1983,BIO,M,01,1217,454,31
graphvar/1983_BIO_LK1_03_W_05P.xml,1983,BIO,W,05,1493,462,38
graphvar/1983_BIO_LK1_04_M_12P.xml,1983,BIO,M,12,1746,479,83
graphvar/1983_BIO_LK1_05_W_03P.xml,1983,BIO,W,03,1384,434,46
graphvar/1983_BIO_LK1_06_W_00P.xml,1983,BIO,W,00,250,143,11
graphvar/1983_BIO_LK1_07_M_03P.xml,1983,BIO,M,03,1176,387,43
graphvar/1983_BIO_LK1_08_M_07P.xml,1983,BIO,M,07,1183,437,31
graphvar/1983_BIO_LK1_09_W_08P.xml,1983,BIO,W,08,2203,572,51
graphvar/1983_BIO_LK1_10_W_05P.xml,1983,BIO,W,05,1371,365,12
graphvar/1983_BIO_LK1_11_M_08P.xml,1983,BIO,M,08,2073,544,27
graphvar/1983_BIO_LK1_12_M_09P.xml,1983,BIO,M,09,1599,466,66
graphvar/1983_BIO_LK1_13_M_07P.xml,1983,BIO,M,07,1600,507,26
graphvar/1983_BIO_LK1_14_W_07P.xml,1983,BIO,W,07,962,340,16
graphvar/1983_BIO_LK1_15_M_08P.xml,1983,BIO,M,08,1694,536,31
graphvar/1983_BIO_LK1_16_W_08P.xml,1983,BIO,W,08,1810,550,10
graphvar/1983_BIO_LK1_17_W_07P.xml,1983,BIO,W,07,2022,555,30
graphvar/1983_BIO_LK1_18_W_07P.xml,1983,BIO,W,07,1953,524,34
graphvar/1983_BIO_LK1_19_M_08P.xml,1983,BIO,M,08,1967,512,36
graphvar/1983_BIO_LK1_20_M_04P.xml,1983,BIO,M,04,1137,397,10
graphvar/1983_BIO_LK2_01_M_07P.xml,1983,BIO,M,07,867,347,20
graphvar/1983_BIO_LK2_02_M_07P.xml,1983,BIO,M,07,1316,441,56
graphvar/1983_BIO_LK2_03_M_07P.xml,1983,BIO,M,07,1540,450,45
graphvar/1983_BIO_LK2_04_M_07P.xml,1983,BIO,M,07,1274,401,31
graphvar/1983_BIO_LK2_05_M_11P.xml,1983,BIO,M,11,2523,546,54
graphvar/1983_BIO_LK2_06_W_07P.xml,1983,BIO,W,07,2067,583,60
graphvar/1983_BIO_LK2_07_M_05P.xml,1983,BIO,M,05,1665,477,91
graphvar/1983_BIO_LK2_08_W_09P.xml,1983,BIO,W,09,1683,513,72
graphvar/1983_BIO_LK2_09_W_05P.xml,1983,BIO,W,05,1633,482,74
graphvar/1983_BIO_LK2_10_M_09P.xml,1983,BIO,M,09,2278,535,79
graphvar/1983_BIO_LK2_11_W_03P.xml,1983,BIO,W,03,1489,455,64
graphvar/1983_BIO_LK2_12_W_14P.xml,1983,BIO,W,14,1985,536,54
graphvar/1983_BIO_LK2_13_W_05P.xml,1983,BIO,W,05,1345,401,60
graphvar/1983_BIO_LK2_14_M_12P.xml,1983,BIO,M,12,2642,614,112
graphvar/1983_BIO_LK2_15_M_08P.xml,1983,BIO,M,08,2028,554,74
graphvar/1983_BIO_LK2_16_M_06P.xml,1983,BIO,M,06,1764,569,74
graphvar/1983_BIO_LK3_01_M_06P.xml,1983,BIO,M,06,1848,555,173
graphvar/1983_BIO_LK3_02_W_07P.xml,1983,BIO,W,07,1197,384,41
graphvar/1983_BIO_LK3_03_M_09P.xml,1983,BIO,M,09,1632,452,81
graphvar/1983_BIO_LK3_04_M_13P.xml,1983,BIO,M,13,1735,537,72
graphvar/1983_BIO_LK3_05_M_13P.xml,1983,BIO,M,13,1415,467,105
graphvar/1983_BIO_LK3_06_M_12P.xml,1983,BIO,M,12,2707,721,103
graphvar/1983_BIO_LK3_07_M_09P.xml,1983,BIO,M,09,1564,491,53
graphvar/1983_BIO_LK3_08_M_10P.xml,1983,BIO,M,10,1215,364,74
graphvar/1983_BIO_LK3_09_W_10P.xml,1983,BIO,W,10,1857,527,52
graphvar/1983_BIO_LK3_10_W_09P.xml,1983,BIO,W,09,897,373,12
graphvar/1983_BIO_LK3_11_W_08P.xml,1983,BIO,W,08,1404,373,38
graphvar/1983_BIO_LK3_12_W_08P.xml,1983,BIO,W,08,1336,395,73
graphvar/1983_BIO_LK3_13_W_08P.xml,1983,BIO,W,08,2180,568,84
graphvar/1983_BIO_LK3_14_M_07P.xml,1983,BIO,M,07,1116,347,55
graphvar/1983_BIO_LK3_15_M_07P.xml,1983,BIO,M,07,1198,382,56
graphvar/1983_BIO_LK3_16_W_06P.xml,1983,BIO,W,06,1035,283,28
graphvar/1983_BIO_LK3_17_W_03P.xml,1983,BIO,W,03,1073,351,43
graphvar/1983_DE_GK1_01_M_09P.xml,1983,DE,M,09,1802,612,22
graphvar/1983_DE_GK1_02_M_04P.xml,1983,DE,M,04,1049,401,14
graphvar/1983_DE_GK1_03_M_06P.xml,1983,DE,M,06,1340,411,12
graphvar/1983_DE_GK1_04_W_08P.xml,1983,DE,W,08,1452,492,36
graphvar/1983_DE_GK1_05_W_05P.xml,1983,DE,W,05,1492,498,12
graphvar/1983_DE_GK1_06_W_11P.xml,1983,DE,W,11,1701,521,10
graphvar/1983_DE_GK1_07_M_06P.xml,1983,DE,M,06,1628,523,44
graphvar/1983_DE_GK1_08_M_07P.xml,1983,DE,M,07,1561,459,12
graphvar/1983_DE_GK1_09_W_04P.xml,1983,DE,W,04,1471,449,40
graphvar/1983_DE_GK1_10_M_07P.xml,1983,DE,M,07,965,381,11
graphvar/1983_DE_GK1_11_W_08P.xml,1983,DE,W,08,1305,474,26
graphvar/1983_DE_GK1_12_M_08P.xml,1983,DE,M,08,1603,558,9
graphvar/1983_DE_GK1_13_M_05P.xml,1983,DE,M,05,1230,391,14
graphvar/1983_DE_GK1_14_W_10P.xml,1983,DE,W,10,1282,438,4
graphvar/1983_DE_GK1_15_M_10P.xml,1983,DE,M,10,1470,548,22
graphvar/1983_DE_GK2_01_W_10P.xml,1983,DE,W,10,1902,612,42
graphvar/1983_DE_GK2_02_M_05P.xml,1983,DE,M,05,517,265,10
graphvar/1983_DE_GK2_03_M_06P.xml,1983,DE,M,06,1235,463,18
graphvar/1983_DE_GK2_04_W_07P.xml,1983,DE,W,07,886,337,6
graphvar/1983_DE_GK2_05_M_07P.xml,1983,DE,M,07,1149,461,12
graphvar/1983_DE_GK2_06_W_06P.xml,1983,DE,W,06,1001,392,23
graphvar/1983_DE_GK2_07_M_06P.xml,1983,DE,M,06,1146,409,8
graphvar/1983_DE_GK2_08_W_08P.xml,1983,DE,W,08,968,325,8
graphvar/1983_DE_GK2_09_M_11P.xml,1983,DE,M,11,1301,457,4
graphvar/1983_DE_GK2_10_W_04P.xml,1983,DE,W,04,607,283,3
graphvar/1983_DE_GK2_11_W_04P.xml,1983,DE,W,04,987,367,24
graphvar/1983_DE_GK2_12_M_04P.xml,1983,DE,M,04,1034,353,21
graphvar/1983_DE_GK2_13_W_07P.xml,1983,DE,W,07,1626,452,26
graphvar/1983_DE_GK3_01_M_05P.xml,1983,DE,M,05,1319,462,15
graphvar/1983_DE_GK4_01_M_03P.xml,1983,DE,M,03,1877,517,14
graphvar/1983_DE_LK1_01_W_06P.xml,1983,DE,W,06,1590,485,54
graphvar/1983_DE_LK1_02_M_07P.xml,1983,DE,M,07,1500,597,59
graphvar/1983_DE_LK1_03_W_07P.xml,1983,DE,W,07,2082,588,32
graphvar/1983_DE_LK1_04_M_10P.xml,1983,DE,M,10,1469,528,27
graphvar/1983_DE_LK1_05_W_09P.xml,1983,DE,W,09,1032,443,31
graphvar/1983_DE_LK1_06_W_08P.xml,1983,DE,W,08,1859,708,79
graphvar/1983_DE_LK1_07_W_08P.xml,1983,DE,W,08,1118,491,24
graphvar/1983_DE_LK1_08_M_10P.xml,1983,DE,M,10,1309,533,20
graphvar/1983_DE_LK1_09_M_05P.xml,1983,DE,M,05,1179,431,56
graphvar/1983_DE_LK1_10_W_06P.xml,1983,DE,W,06,1716,581,49
graphvar/1983_DE_LK1_11_W_06P.xml,1983,DE,W,06,1108,431,44
graphvar/1983_DE_LK1_12_W_07P.xml,1983,DE,W,07,1754,532,66
graphvar/1983_DE_LK1_13_W_11P.xml,1983,DE,W,11,1303,485,24
graphvar/1983_DE_LK1_14_W_09P.xml,1983,DE,W,09,2023,646,20
graphvar/1983_DE_LK1_15_M_08P.xml,1983,DE,M,08,1493,536,30
graphvar/1983_DE_LK1_16_W_11P.xml,1983,DE,W,11,1967,633,29
graphvar/1983_DE_LK1_17_W_08P.xml,1983,DE,W,08,2222,634,68
graphvar/1983_DE_LK1_18_M_13P.xml,1983,DE,M,13,2292,848,42
graphvar/1983_DE_LK1_19_W_09P.xml,1983,DE,W,09,1147,477,24
graphvar/1983_GE_GK1_01_W_11P.xml,1983,GE,W,11,1618,579,6
graphvar/1983_GE_GK1_02_W_08P.xml,1983,GE,W,08,1965,608,20
graphvar/1983_GE_GK1_03_W_04P.xml,1983,GE,W,04,1333,476,36
graphvar/1983_GE_LK1_01_W_09P.xml,1983,GE,W,09,1490,563,12
graphvar/1983_GE_LK1_02_M_07P.xml,1983,GE,M,07,1507,515,31
graphvar/1983_GE_LK1_03_M_10P.xml,1983,GE,M,10,2400,620,13
graphvar/1983_GE_LK1_04_W_03P.xml,1983,GE,W,03,1281,437,12
graphvar/1983_GE_LK1_05_M_04P.xml,1983,GE,M,04,1510,482,17
graphvar/1983_GE_LK1_06_M_01P.xml,1983,GE,M,01,1924,574,42
graphvar/1983_GE_LK1_07_M_06P.xml,1983,GE,M,06,2332,685,50
graphvar/1983_GE_LK1_08_W_05P.xml,1983,GE,W,05,1240,468,21
graphvar/1983_GE_LK1_09_M_07P.xml,1983,GE,M,07,1663,626,58
graphvar/1983_GE_LK1_10_M_06P.xml,1983,GE,M,06,1896,529,8
graphvar/1983_GE_LK1_11_M_07P.xml,1983,GE,M,07,1411,522,26
graphvar/1983_GE_LK1_12_M_08P.xml,1983,GE,M,08,2769,726,53
graphvar/1983_GE_LK1_13_M_05P.xml,1983,GE,M,05,1473,548,19
graphvar/1983_GE_LK1_14_W_07P.xml,1983,GE,W,07,2190,729,35
graphvar/1983_GE_LK2_01_W_02P.xml,1983,GE,W,02,1648,492,9
graphvar/1988_BIO_GK1_01_W_08P.xml,1988,BIO,W,08,1375,390,143
graphvar/1988_BIO_GK1_02_W_07P.xml,1988,BIO,W,07,1279,410,74
graphvar/1988_BIO_GK1_03_M_03P.xml,1988,BIO,M,03,1230,390,125
graphvar/1988_BIO_GK1_04_W_03P.xml,1988,BIO,W,03,919,298,96
graphvar/1988_BIO_GK1_05_W_06P.xml,1988,BIO,W,06,831,290,84
graphvar/1988_BIO_GK1_06_W_02P.xml,1988,BIO,W,02,1096,364,103
graphvar/1988_BIO_GK1_07_W_05P.xml,1988,BIO,W,05,1095,386,121
graphvar/1988_BIO_GK1_08_M_06P.xml,1988,BIO,M,06,886,380,90
graphvar/1988_BIO_GK1_09_W_06P.xml,1988,BIO,W,06,1187,417,182
graphvar/1988_BIO_GK1_10_M_10P.xml,1988,BIO,M,10,1578,464,174
graphvar/1988_BIO_GK1_11_M_10P.xml,1988,BIO,M,10,1234,390,190
graphvar/1988_BIO_GK1_12_W_02P.xml,1988,BIO,W,02,1346,385,135
graphvar/1988_BIO_GK2_01_W_09P.xml,1988,BIO,W,09,2298,553,179
graphvar/1988_BIO_GK2_02_M_07P.xml,1988,BIO,M,07,1171,403,151
graphvar/1988_BIO_GK2_03_W_10P.xml,1988,BIO,W,10,1938,578,189
graphvar/1988_BIO_GK2_04_W_06P.xml,1988,BIO,W,06,1383,468,158
graphvar/1988_BIO_GK2_05_W_03P.xml,1988,BIO,W,03,1566,466,154
graphvar/1988_BIO_GK2_06_W_10P.xml,1988,BIO,W,10,2165,570,208
graphvar/1988_BIO_GK2_07_M_05P.xml,1988,BIO,M,05,1761,503,230
graphvar/1988_BIO_GK2_08_W_06P.xml,1988,BIO,W,06,1715,473,164
graphvar/1988_BIO_GK2_09_W_06P.xml,1988,BIO,W,06,1469,429,141
graphvar/1988_BIO_GK2_10_W_08P.xml,1988,BIO,W,08,1641,509,170
graphvar/1988_BIO_GK2_11_M_08P.xml,1988,BIO,M,08,1574,463,155
graphvar/1988_BIO_GK2_12_M_07P.xml,1988,BIO,M,07,1588,561,144
graphvar/1988_BIO_GK2_13_M_09P.xml,1988,BIO,M,09,1802,533,122
graphvar/1988_BIO_GK2_14_W_08P.xml,1988,BIO,W,08,1718,545,168
graphvar/1988_BIO_GK3_01_W_05P.xml,1988,BIO,W,05,1186,354,131
graphvar/1988_BIO_GK4_01_M_08P.xml,1988,BIO,M,08,1827,525,245
graphvar/1988_BIO_GK4_02_W_08P.xml,1988,BIO,W,08,2871,634,243
graphvar/1988_BIO_GK4_03_W_05P.xml,1988,BIO,W,05,1186,404,68
graphvar/1988_BIO_LK1_01_M_13P.xml,1988,BIO,M,13,2452,642,231
graphvar/1988_BIO_LK1_02_W_09P.xml,1988,BIO,W,09,2551,750,328
graphvar/1988_BIO_LK1_03_W_12P.xml,1988,BIO,W,12,1981,513,187
graphvar/1988_BIO_LK1_04_M_05P.xml,1988,BIO,M,05,1286,381,114
graphvar/1988_BIO_LK1_05_W_08P.xml,1988,BIO,W,08,1989,543,250
graphvar/1988_BIO_LK1_06_M_07P.xml,1988,BIO,M,07,2397,582,247
graphvar/1988_BIO_LK1_07_W_07P.xml,1988,BIO,W,07,2190,591,242
graphvar/1988_BIO_LK1_08_W_06P.xml,1988,BIO,W,06,1793,505,161
graphvar/1988_BIO_LK1_09_W_06P.xml,1988,BIO,W,06,1631,488,190
graphvar/1988_BIO_LK1_10_W_06P.xml,1988,BIO,W,06,1415,448,180
graphvar/1988_BIO_LK1_11_M_06P.xml,1988,BIO,M,06,1484,458,159
graphvar/1988_BIO_LK1_12_M_03P.xml,1988,BIO,M,03,1501,481,137
graphvar/1988_BIO_LK1_13_W_03P.xml,1988,BIO,W,03,1353,437,136
graphvar/1988_BIO_LK1_14_M_01P.xml,1988,BIO,M,01,1738,564,215
graphvar/1988_BIO_LK2_01_M_13P.xml,1988,BIO,M,13,2668,631,222
graphvar/1988_BIO_LK2_02_M_12P.xml,1988,BIO,M,12,2300,670,185
graphvar/1988_BIO_LK2_03_M_09P.xml,1988,BIO,M,09,1932,557,191
graphvar/1988_BIO_LK2_04_M_08P.xml,1988,BIO,M,08,2541,606,248
graphvar/1988_BIO_LK2_05_M_08P.xml,1988,BIO,M,08,1705,532,190
graphvar/1988_BIO_LK2_06_M_08P.xml,1988,BIO,M,08,1803,524,188
graphvar/1988_BIO_LK2_07_M_07P.xml,1988,BIO,M,07,1547,503,194
graphvar/1988_BIO_LK2_08_W_05P.xml,1988,BIO,W,05,1819,494,183
graphvar/1988_BIO_LK2_09_M_06P.xml,1988,BIO,M,06,2112,529,210
graphvar/1988_BIO_LK2_10_M_06P.xml,1988,BIO,M,06,1789,511,108
graphvar/1988_BIO_LK2_11_W_06P.xml,1988,BIO,W,06,2445,602,230
graphvar/1988_BIO_LK2_12_M_05P.xml,1988,BIO,M,05,2445,607,267
graphvar/1988_BIO_LK2_13_W_05P.xml,1988,BIO,W,05,2361,594,202
graphvar/1988_BIO_LK2_14_W_04P.xml,1988,BIO,W,04,1975,476,196
graphvar/1988_BIO_LK2_15_W_03P.xml,1988,BIO,W,03,1435,411,207
graphvar/1988_BIO_LK3_01_W_08P.xml,1988,BIO,W,08,1947,620,239
graphvar/1988_BIO_LK3_02_M_09P.xml,1988,BIO,M,09,2087,651,220
graphvar/1988_BIO_LK3_03_M_06P.xml,1988,BIO,M,06,1349,421,124
graphvar/1988_BIO_LK3_04_M_07P.xml,1988,BIO,M,07,2633,711,336
graphvar/1988_BIO_LK3_05_W_06P.xml,1988,BIO,W,06,1841,637,169
graphvar/1988_BIO_LK3_06_M_06P.xml,1988,BIO,M,06,1409,533,117
graphvar/1988_BIO_LK3_07_M_05P.xml,1988,BIO,M,05,1101,417,80
graphvar/1988_BIO_LK3_08_M_04P.xml,1988,BIO,M,04,1487,497,138
graphvar/1988_BIO_LK3_09_M_04P.xml,1988,BIO,M,04,1259,461,159
graphvar/1988_BIO_LK3_10_W_03P.xml,1988,BIO,W,03,2427,644,422
graphvar/1988_DE_GK1_01_M_09P.xml,1988,DE,M,09,1255,476,110
graphvar/1988_DE_GK1_02_W_11P.xml,1988,DE,W,11,1586,561,130
graphvar/1988_DE_GK1_03_W_08P.xml,1988,DE,W,08,2034,658,176
graphvar/1988_DE_GK1_04_M_06P.xml,1988,DE,M,06,1694,570,166
graphvar/1988_DE_GK1_05_M_07P.xml,1988,DE,M,07,2011,595,230
graphvar/1988_DE_GK1_06_W_04P.xml,1988,DE,W,04,1181,407,121
graphvar/1988_DE_GK1_07_W_05P.xml,1988,DE,W,05,1610,508,126
graphvar/1988_DE_GK1_08_M_08P.xml,1988,DE,M,08,1195,406,75
graphvar/1988_DE_GK1_09_M_03P.xml,1988,DE,M,03,2400,666,292
graphvar/1988_DE_GK1_10_M_04P.xml,1988,DE,M,04,1307,474,127
graphvar/1988_DE_GK1_11_M_08P.xml,1988,DE,M,08,1657,495,164
graphvar/1988_DE_GK1_12_M_04P.xml,1988,DE,M,04,1107,433,76
graphvar/1988_DE_GK2_01_M_07P.xml,1988,DE,M,07,966,418,104
graphvar/1988_DE_GK2_02_M_03P.xml,1988,DE,M,03,1027,401,110
graphvar/1988_DE_GK2_03_M_07P.xml,1988,DE,M,07,1447,497,121
graphvar/1988_DE_GK2_04_M_12P.xml,1988,DE,M,12,1147,398,68
graphvar/1988_DE_GK2_05_M_01P.xml,1988,DE,M,01,1642,488,188
graphvar/1988_DE_GK2_06_M_04P.xml,1988,DE,M,04,1621,398,138
graphvar/1988_DE_GK2_07_W_05P.xml,1988,DE,W,05,701,286,87
graphvar/1988_DE_GK2_08_M_05P.xml,1988,DE,M,05,883,352,81
graphvar/1988_DE_GK2_09_M_07P.xml,1988,DE,M,07,840,357,73
graphvar/1988_DE_GK2_10_M_03P.xml,1988,DE,M,03,804,293,80
graphvar/1988_DE_GK2_11_M_06P.xml,1988,DE,M,06,1132,333,104
graphvar/1988_DE_GK3_01_M_00P.xml,1988,DE,M,00,835,359,92
graphvar/1988_DE_LK1_01_W_09P.xml,1988,DE,W,09,2161,561,258
graphvar/1988_DE_LK1_02_W_10P.xml,1988,DE,W,10,3024,744,227
graphvar/1988_DE_LK1_03_M_10P.xml,1988,DE,M,10,1398,400,113
graphvar/1988_DE_LK1_04_W_09P.xml,1988,DE,W,09,1819,634,127
graphvar/1988_DE_LK1_05_W_04P.xml,1988,DE,W,04,1100,294,113
graphvar/1988_DE_LK1_06_W_08P.xml,1988,DE,W,08,1349,461,161
graphvar/1988_DE_LK1_07_W_08P.xml,1988,DE,W,08,1002,368,96
graphvar/1988_GE_GK1_01_M_04P.xml,1988,GE,M,04,560,277,51
graphvar/1988_GE_GK1_02_M_04P.xml,1988,GE,M,04,1131,493,116
graphvar/1988_GE_GK1_03_W_06P.xml,1988,GE,W,06,1701,561,215
graphvar/1988_GE_GK2_01_W_04P.xml,1988,GE,W,04,1727,512,202
graphvar/1988_GE_GK2_02_M_11P.xml,1988,GE,M,11,1935,642,158
graphvar/1988_GE_GK2_03_W_06P.xml,1988,GE,W,06,1514,536,176
graphvar/1988_GE_GK2_04_W_07P.xml,1988,GE,W,07,1520,475,111
graphvar/1988_GE_GK2_05_W_04P.xml,1988,GE,W,04,1578,549,108
graphvar/1988_GE_GK2_06_W_11P.xml,1988,GE,W,11,2448,719,224
graphvar/1988_GE_GK2_07_M_08P.xml,1988,GE,M,08,1535,530,119
graphvar/1988_GE_GK2_08_M_05P.xml,1988,GE,M,05,1265,556,108
graphvar/1988_GE_GK2_09_M_06P.xml,1988,GE,M,06,1210,447,93
graphvar/1988_GE_GK2_10_M_05P.xml,1988,GE,M,05,1502,475,125
graphvar/1988_GE_GK2_11_M_07P.xml,1988,GE,M,07,2762,703,434
graphvar/1988_GE_GK2_12_M_05P.xml,1988,GE,M,05,1288,469,113
graphvar/1988_GE_LK1_01_W_05P.xml,1988,GE,W,05,2074,624,153
graphvar/1988_GE_LK1_02_W_06P.xml,1988,GE,W,06,1112,408,66
graphvar/1988_GE_LK1_03_M_06P.xml,1988,GE,M,06,1321,494,120
graphvar/1988_GE_LK1_04_M_13P.xml,1988,GE,M,13,1692,474,86
graphvar/1988_GE_LK1_05_M_08P.xml,1988,GE,M,08,2163,691,146
graphvar/1988_GE_LK1_06_W_02P.xml,1988,GE,W,02,1348,461,133
graphvar/1988_GE_LK1_07_W_05P.xml,1988,GE,W,05,2415,543,241
graphvar/1988_GE_LK1_08_M_07P.xml,1988,GE,M,07,1770,574,177
graphvar/1988_GE_LK1_09_W_07P.xml,1988,GE,W,07,1728,639,189
graphvar/1988_GE_LK1_10_M_11P.xml,1988,GE,M,11,2027,630,99
graphvar/1988_GE_LK1_11_W_05P.xml,1988,GE,W,05,1542,497,147
graphvar/1988_GE_LK1_12_M_05P.xml,1988,GE,M,05,1572,504,119
graphvar/1993_BIO_GK1_01_W_06P.xml,1993,BIO,W,06,1391,444,18
graphvar/1993_BIO_GK1_02_M_11P.xml,1993,BIO,M,11,1827,478,31
graphvar/1993_BIO_GK1_03_M_10P.xml,1993,BIO,M,10,1987,512,27
graphvar/1993_BIO_GK1_04_M_12P.xml,1993,BIO,M,12,1479,481,48
graphvar/1993_BIO_GK1_05_W_07P.xml,1993,BIO,W,07,1734,481,25
graphvar/1993_BIO_GK1_06_M_11P.xml,1993,BIO,M,11,2110,587,54
graphvar/1993_BIO_GK1_07_M_04P.xml,1993,BIO,M,04,1356,506,31
graphvar/1993_BIO_GK1_08_W_09P.xml,1993,BIO,W,09,1804,474,37
graphvar/1993_BIO_GK1_09_M_06P.xml,1993,BIO,M,06,2103,595,55
graphvar/1993_BIO_GK1_10_M_08P.xml,1993,BIO,M,08,1468,486,106
graphvar/1993_BIO_LK1_01_M_10P.xml,1993,BIO,M,10,1614,414,22
graphvar/1993_BIO_LK1_02_M_09P.xml,1993,BIO,M,09,1616,474,16
graphvar/1993_BIO_LK1_03_W_08P.xml,1993,BIO,W,08,2637,810,72
graphvar/1993_BIO_LK1_04_W_08P.xml,1993,BIO,W,08,2685,646,89
graphvar/1993_BIO_LK1_05_W_12P.xml,1993,BIO,W,12,3108,677,54
graphvar/1993_BIO_LK1_06_M_05P.xml,1993,BIO,M,05,1837,445,33
graphvar/1993_BIO_LK1_07_W_10P.xml,1993,BIO,W,10,2568,665,172
graphvar/1993_BIO_LK1_08_M_05P.xml,1993,BIO,M,05,2531,555,112
graphvar/1993_BIO_LK1_09_W_08P.xml,1993,BIO,W,08,3033,540,42
graphvar/1993_BIO_LK1_10_M_07P.xml,1993,BIO,M,07,2012,558,60
graphvar/1993_BIO_LK1_11_M_08P.xml,1993,BIO,M,08,1701,444,58
graphvar/1993_BIO_LK1_12_W_08P.xml,1993,BIO,W,08,3170,664,61
graphvar/1993_BIO_LK1_13_M_15P.xml,1993,BIO,M,15,2846,618,116
graphvar/1993_BIO_LK2_01_W_11P.xml,1993,BIO,W,11,1762,532,53
graphvar/1993_BIO_LK2_02_M_10P.xml,1993,BIO,M,10,1752,489,30
graphvar/1993_BIO_LK2_03_W_08P.xml,1993,BIO,W,08,1729,539,90
graphvar/1993_BIO_LK2_04_M_08P.xml,1993,BIO,M,08,1888,504,87
graphvar/1993_BIO_LK2_05_M_08P.xml,1993,BIO,M,08,2242,543,219
graphvar/1993_BIO_LK2_06_M_08P.xml,1993,BIO,M,08,1775,545,87
graphvar/1993_BIO_LK2_07_M_05P.xml,1993,BIO,M,05,1494,560,38
graphvar/1993_BIO_LK2_08_M_05P.xml,1993,BIO,M,05,1554,433,90
graphvar/1993_BIO_LK3_01_M_06P.xml,1993,BIO,M,06,2224,605,56
graphvar/1993_DE_GK1_01_M_04P.xml,1993,DE,M,04,1234,437,35
graphvar/1993_DE_GK1_02_W_08P.xml,1993,DE,W,08,1366,553,44
graphvar/1993_DE_GK2_01_W_10P.xml,1993,DE,W,10,940,303,8
graphvar/1993_DE_GK3_01_M_04P.xml,1993,DE,M,04,657,251,29
graphvar/1993_DE_GK4_01_M_13P.xml,1993,DE,M,13,1175,398,7
graphvar/1993_DE_GK4_02_M_03P.xml,1993,DE,M,03,862,282,24
graphvar/1993_DE_LK1_01_M_07P.xml,1993,DE,M,07,1433,610,21
graphvar/1993_DE_LK1_02_M_06P.xml,1993,DE,M,06,1888,555,38
graphvar/1993_DE_LK1_03_W_07P.xml,1993,DE,W,07,1593,543,73
graphvar/1993_DE_LK1_04_W_08P.xml,1993,DE,W,08,1929,625,23
graphvar/1993_DE_LK1_05_M_08P.xml,1993,DE,M,08,2149,643,72
graphvar/1993_DE_LK1_06_W_10P.xml,1993,DE,W,10,2156,665,25
graphvar/1993_DE_LK1_07_M_06P.xml,1993,DE,M,06,1845,556,31
graphvar/1993_DE_LK1_08_W_08P.xml,1993,DE,W,08,2015,645,49
graphvar/1993_DE_LK1_09_M_08P.xml,1993,DE,M,08,1779,558,54
graphvar/1993_DE_LK1_10_W_09P.xml,1993,DE,W,09,2441,642,22
graphvar/1993_DE_LK1_11_W_10P.xml,1993,DE,W,10,1921,626,35
graphvar/1993_DE_LK1_12_M_11P.xml,1993,DE,M,11,1497,591,65
graphvar/1993_DE_LK1_13_M_08P.xml,1993,DE,M,08,2381,691,49
graphvar/1993_DE_LK1_14_W_11P.xml,1993,DE,W,11,2509,694,20
graphvar/1993_DE_LK2_01_W_09P.xml,1993,DE,W,09,2180,686,49
graphvar/1993_DE_LK2_02_W_11P.xml,1993,DE,W,11,2485,702,30
graphvar/1993_DE_LK2_03_M_08P.xml,1993,DE,M,08,1684,527,16
graphvar/1993_DE_LK2_04_W_07P.xml,1993,DE,W,07,2568,748,42
graphvar/1993_DE_LK2_05_W_06P.xml,1993,DE,W,06,2082,591,126
graphvar/1993_DE_LK2_06_M_05P.xml,1993,DE,M,05,2070,659,45
graphvar/1993_GE_GK1_01_M_06P.xml,1993,GE,M,06,1783,504,33
graphvar/1993_GE_GK2_01_M_07P.xml,1993,GE,M,07,1513,474,67
graphvar/1993_GE_GK3_01_M_11P.xml,1993,GE,M,11,1508,438,59
graphvar/1993_GE_GK5_01_M_03P.xml,1993,GE,M,03,1231,409,31
graphvar/1993_GE_GK5_02_M_05P.xml,1993,GE,M,05,1382,461,33
graphvar/1993_GE_GK5_03_M_08P.xml,1993,GE,M,08,1511,481,23
graphvar/1993_GE_GK5_04_M_07P.xml,1993,GE,M,07,1799,596,41
graphvar/1993_GE_LK_01_M_12P.xml,1993,GE,M,12,2463,758,67
graphvar/1993_GE_LK_02_M_10P.xml,1993,GE,M,10,1901,546,52
graphvar/1993_GE_LK_03_M_10P.xml,1993,GE,M,10,2305,711,54
graphvar/1993_GE_LK_04_M_10P.xml,1993,GE,M,10,2598,698,86
graphvar/1993_GE_LK_05_M_10P.xml,1993,GE,M,10,2367,657,58
graphvar/1993_GE_LK_06_M_09P.xml,1993,GE,M,09,1809,674,105
graphvar/1993_GE_LK_07_M_09P.xml,1993,GE,M,09,1730,621,37
graphvar/1993_GE_LK_08_W_09P.xml,1993,GE,W,09,2494,662,53
graphvar/1993_GE_LK_09_M_07P.xml,1993,GE,M,07,1615,652,28
graphvar/1993_GE_LK_10_W_07P.xml,1993,GE,W,07,1371,474,33
graphvar/1993_GE_LK_11_W_06P.xml,1993,GE,W,06,1521,487,60
graphvar/1993_GE_LK_12_W_05P.xml,1993,GE,W,05,1911,592,76
graphvar/1993_GE_LK_13_M_03P.xml,1993,GE,M,03,1848,570,22
graphvar/1998_BIO_GK1_01_M_10P.xml,1998,BIO,M,10,1225,469,62
graphvar/1998_BIO_GK1_02_W_05P.xml,1998,BIO,W,05,944,383,49
graphvar/1998_BIO_GK1_03_M_07P.xml,1998,BIO,M,07,1035,403,71
graphvar/1998_BIO_GK1_04_M_04P.xml,1998,BIO,M,04,1295,453,86
graphvar/1998_BIO_GK1_05_W_07P.xml,1998,BIO,W,07,1252,397,68
graphvar/1998_BIO_GK1_06_W_07P.xml,1998,BIO,W,07,1659,514,142
graphvar/1998_BIO_GK1_07_W_09P.xml,1998,BIO,W,09,1590,467,79
graphvar/1998_BIO_GK1_08_M_07P.xml,1998,BIO,M,07,994,357,67
graphvar/1998_BIO_GK1_09_W_03P.xml,1998,BIO,W,03,1304,494,87
graphvar/1998_BIO_GK2_01_W_05P.xml,1998,BIO,W,05,1462,443,96
graphvar/1998_BIO_GK2_02_W_09P.xml,1998,BIO,W,09,1720,546,97
graphvar/1998_BIO_GK2_03_W_07P.xml,1998,BIO,W,07,2158,561,116
graphvar/1998_BIO_GK2_04_W_10P.xml,1998,BIO,W,10,1671,476,125
graphvar/1998_BIO_GK2_05_W_09P.xml,1998,BIO,W,09,1475,514,99
graphvar/1998_BIO_LK1_01_M_05P.xml,1998,BIO,M,05,1357,493,115
graphvar/1998_BIO_LK1_02_M_11P.xml,1998,BIO,M,11,1414,438,96
graphvar/1998_BIO_LK1_03_W_13P.xml,1998,BIO,W,13,1828,528,107
graphvar/1998_BIO_LK1_04_M_12P.xml,1998,BIO,M,12,1542,470,95
graphvar/1998_BIO_LK1_05_M_08P.xml,1998,BIO,M,08,985,408,79
graphvar/1998_BIO_LK1_06_W_06P.xml,1998,BIO,W,06,1283,479,81
graphvar/1998_BIO_LK1_07_W_04P.xml,1998,BIO,W,04,1389,441,88
graphvar/1998_BIO_LK1_08_W_06P.xml,1998,BIO,W,06,1724,527,120
graphvar/1998_BIO_LK1_09_M_03P.xml,1998,BIO,M,03,1237,393,75
graphvar/1998_BIO_LK1_10_M_11P.xml,1998,BIO,M,11,1189,435,55
graphvar/1998_BIO_LK1_11_W_10P.xml,1998,BIO,W,10,1415,416,74
graphvar/1998_BIO_LK1_12_M_09P.xml,1998,BIO,M,09,1267,446,107
graphvar/1998_BIO_LK1_13_W_02P.xml,1998,BIO,W,02,733,313,46
graphvar/1998_BIO_LK1_14_M_06P.xml,1998,BIO,M,06,1261,429,77
graphvar/1998_BIO_LK2_01_W_07P.xml,1998,BIO,W,07,1923,476,109
graphvar/1998_BIO_LK2_02_W_08P.xml,1998,BIO,W,08,1742,569,90
graphvar/1998_BIO_LK2_03_W_04P.xml,1998,BIO,W,04,2008,538,128
graphvar/1998_BIO_LK2_04_M_10P.xml,1998,BIO,M,10,1565,551,80
graphvar/1998_BIO_LK2_05_M_08P.xml,1998,BIO,M,08,1145,460,74
graphvar/1998_BIO_LK2_06_M_07P.xml,1998,BIO,M,07,1962,566,112
graphvar/1998_BIO_LK2_07_W_02P.xml,1998,BIO,W,02,1859,515,125
graphvar/1998_BIO_LK2_08_M_08P.xml,1998,BIO,M,08,1976,626,81
graphvar/1998_BIO_LK2_09_W_10P.xml,1998,BIO,W,10,1353,407,83
graphvar/1998_BIO_LK2_10_W_02P.xml,1998,BIO,W,02,801,319,61
graphvar/1998_BIO_LK2_11_W_12P.xml,1998,BIO,W,12,1845,566,111
graphvar/1998_BIO_LK2_12_W_04P.xml,1998,BIO,W,04,1115,395,85
graphvar/1998_BIO_LK2_13_W_08P.xml,1998,BIO,W,08,1939,504,132
graphvar/1998_BIO_LK2_14_M_15P.xml,1998,BIO,M,15,2290,658,109
graphvar/1998_BIO_LK2_15_W_06P.xml,1998,BIO,W,06,1854,574,96
graphvar/1998_BIO_LK2_16_W_04P.xml,1998,BIO,W,04,1728,439,87
graphvar/1998_BIO_LK2_17_W_10P.xml,1998,BIO,W,10,1630,415,121
graphvar/1998_DE_GK1_01_W_09P.xml,1998,DE,W,09,1895,540,141
graphvar/1998_DE_GK1_02_M_09P.xml,1998,DE,M,09,1490,514,60
graphvar/1998_DE_GK1_03_W_05P.xml,1998,DE,W,05,1695,423,91
graphvar/1998_DE_GK1_04_W_07P.xml,1998,DE,W,07,2122,526,133
graphvar/1998_DE_GK1_05_W_05P.xml,1998,DE,W,05,1603,465,118
graphvar/1998_DE_GK1_06_W_04P.xml,1998,DE,W,04,1120,383,66
graphvar/1998_DE_GK1_07_M_03P.xml,1998,DE,M,03,1360,372,107
graphvar/1998_DE_GK2_01_W_08P.xml,1998,DE,W,08,1293,408,79
graphvar/1998_DE_GK2_02_W_06P.xml,1998,DE,W,06,1178,378,89
graphvar/1998_DE_GK2_03_W_05P.xml,1998,DE,W,05,1349,384,91
graphvar/1998_DE_GK3_01_W_05P.xml,1998,DE,W,05,2081,547,147
graphvar/1998_DE_GK3_02_W_08P.xml,1998,DE,W,08,2230,599,132
graphvar/1998_DE_GK3_03_W_05P.xml,1998,DE,W,05,2106,542,141
graphvar/1998_DE_GK3_04_W_10P.xml,1998,DE,W,10,2030,587,149
graphvar/1998_DE_GK3_05_W_06P.xml,1998,DE,W,06,1850,451,119
graphvar/1998_DE_GK3_06_W_07P.xml,1998,DE,W,07,2203,633,160
graphvar/1998_DE_GK3_07_W_02P.xml,1998,DE,W,02,1640,494,123
graphvar/1998_DE_GK3_08_M_02P.xml,1998,DE,M,02,986,345,65
graphvar/1998_DE_GK3_09_W_12P.xml,1998,DE,W,12,1701,578,80
graphvar/1998_DE_GK3_10_W_11P.xml,1998,DE,W,11,1931,635,101
graphvar/1998_DE_GK3_11_M_06P.xml,1998,DE,M,06,1237,377,88
graphvar/1998_DE_LK1_01_W_05P.xml,1998,DE,W,05,2130,608,121
graphvar/1998_DE_LK1_02_W_12P.xml,1998,DE,W,12,2800,752,137
graphvar/1998_DE_LK1_03_W_12P.xml,1998,DE,W,12,2132,671,139
graphvar/1998_DE_LK1_04_W_09P.xml,1998,DE,W,09,1844,572,91
graphvar/1998_DE_LK1_05_W_09P.xml,1998,DE,W,09,2154,694,124
graphvar/1998_DE_LK1_06_M_08P.xml,1998,DE,M,08,1489,531,70
graphvar/1998_DE_LK1_07_W_06P.xml,1998,DE,W,06,2028,669,103
graphvar/1998_DE_LK1_08_W_06P.xml,1998,DE,W,06,1756,608,84
graphvar/1998_DE_LK1_09_W_06P.xml,1998,DE,W,06,1400,428,87
graphvar/1998_DE_LK1_10_W_06P.xml,1998,DE,W,06,1593,467,116
graphvar/1998_DE_LK1_11_W_05P.xml,1998,DE,W,05,1206,469,46
graphvar/1998_DE_LK1_12_W_05P.xml,1998,DE,W,05,1453,461,95
graphvar/1998_DE_LK1_13_W_05P.xml,1998,DE,W,05,1534,540,69
graphvar/1998_GE_LK1_01_M_11P.xml,1998,GE,M,11,1364,487,81
graphvar/1998_GE_LK1_02_M_11P.xml,1998,GE,M,11,1201,457,47
graphvar/1998_GE_LK1_03_M_08P.xml,1998,GE,M,08,1636,530,85
graphvar/1998_GE_LK1_04_M_07P.xml,1998,GE,M,07,1451,484,77
graphvar/1998_GE_LK1_05_M_07P.xml,1998,GE,M,07,1316,508,60
graphvar/1998_GE_LK1_06_M_03P.xml,1998,GE,M,03,1386,429,62
graphvar/1998_GE_LK1_07_M_06P.xml,1998,GE,M,06,1278,446,66
graphvar/1998_GE_LK1_08_W_10P.xml,1998,GE,W,10,1894,627,86
graphvar/1998_GE_LK1_09_M_09P.xml,1998,GE,M,09,1924,595,73
graphvar/1998_GE_LK1_10_W_08P.xml,1998,GE,W,08,1700,483,69
graphvar/1998_GE_LK1_11_W_06P.xml,1998,GE,W,06,1516,530,85
graphvar/1998_GE_LK1_12_W_08P.xml,1998,GE,W,08,1784,567,83
graphvar/1998_GE_LK1_13_M_05P.xml,1998,GE,M,05,1288,448,78
graphvar/1998_GE_LK1_14_W_05P.xml,1998,GE,W,05,1643,616,72
graphvar/2003_BIO_GK1_01_X_10P.xml,2003,BIO,X,10,1866,549,139
graphvar/2003_BIO_GK1_02_X_08P.xml,2003,BIO,X,08,1624,547,87
graphvar/2003_BIO_GK1_03_X_07P.xml,2003,BIO,X,07,1595,481,107
graphvar/2003_BIO_GK1_04_X_10P.xml,2003,BIO,X,10,1399,499,100
graphvar/2003_BIO_GK1_05_X_02P.xml,2003,BIO,X,02,1357,464,94
graphvar/2003_BIO_GK1_06_X_02P.xml,2003,BIO,X,02,1562,457,86
graphvar/2003_BIO_GK1_07_X_06P.xml,2003,BIO,X,06,2004,596,140
graphvar/2003_BIO_GK1_08_X_08P.xml,2003,BIO,X,08,2473,604,205
graphvar/2003_BIO_GK1_09_X_04P.xml,2003,BIO,X,04,1126,445,73
graphvar/2003_BIO_GK1_10_X_02P.xml,2003,BIO,X,02,1061,392,48
graphvar/2003_BIO_GK1_11_X_12P.xml,2003,BIO,X,12,1099,386,70
graphvar/2003_BIO_LK1_01_X_08P.xml,2003,BIO,X,08,1515,469,103
graphvar/2003_BIO_LK1_02_X_10P.xml,2003,BIO,X,10,2269,569,122
graphvar/2003_BIO_LK1_03_X_08P.xml,2003,BIO,X,08,2354,636,123
graphvar/2003_BIO_LK1_04_X_08P.xml,2003,BIO,X,08,1880,430,114
graphvar/2003_BIO_LK1_05_X_08P.xml,2003,BIO,X,08,2983,638,214
graphvar/2003_BIO_LK1_06_X_07P.xml,2003,BIO,X,07,1937,472,95
graphvar/2003_BIO_LK1_07_X_11P.xml,2003,BIO,X,11,2386,684,114
graphvar/2003_BIO_LK1_08_X_11P.xml,2003,BIO,X,11,2230,593,141
graphvar/2003_BIO_LK1_09_X_09P.xml,2003,BIO,X,09,1632,469,107
graphvar/2003_BIO_LK1_10_X_09P.xml,2003,BIO,X,09,2335,593,123
graphvar/2003_BIO_LK1_11_X_06P.xml,2003,BIO,X,06,3400,566,185
graphvar/2003_BIO_LK1_12_X_07P.xml,2003,BIO,X,07,1336,457,55
graphvar/2003_DE_GK1_01_M_10P.xml,2003,DE,M,10,1297,508,66
graphvar/2003_DE_GK2_01_M_06P.xml,2003,DE,M,06,1350,460,65
graphvar/2003_DE_GK3_01_M_05P.xml,2003,DE,M,05,818,315,49
graphvar/2003_DE_GK3_02_W_09P.xml,2003,DE,W,09,1352,450,96
graphvar/2003_DE_GK4_01_W_05P.xml,2003,DE,W,05,1634,444,82
graphvar/2003_DE_GK4_02_M_09P.xml,2003,DE,M,09,1538,554,90
graphvar/2003_DE_GK4_03_W_12P.xml,2003,DE,W,12,1552,485,86
graphvar/2003_DE_GK4_04_W_08P.xml,2003,DE,W,08,1833,636,93
graphvar/2003_DE_LK1_01_W_08P.xml,2003,DE,W,08,1167,363,65
graphvar/2003_DE_LK1_02_W_08P.xml,2003,DE,W,08,2372,574,144
graphvar/2003_DE_LK1_03_M_07P.xml,2003,DE,M,07,1970,596,129
graphvar/2003_DE_LK1_04_M_08P.xml,2003,DE,M,08,1177,468,82
graphvar/2003_DE_LK1_05_M_04P.xml,2003,DE,M,04,1245,430,75
graphvar/2003_DE_LK1_06_W_12P.xml,2003,DE,W,12,1645,521,110
graphvar/2003_DE_LK1_07_M_08P.xml,2003,DE,M,08,1454,491,66
graphvar/2003_DE_LK1_08_M_09P.xml,2003,DE,M,09,1341,512,90
graphvar/2003_DE_LK1_09_W_12P.xml,2003,DE,W,12,1843,556,99
graphvar/2003_DE_LK1_10_W_08P.xml,2003,DE,W,08,1515,483,72
graphvar/2003_DE_LK1_11_M_05P.xml,2003,DE,M,05,1815,518,118
graphvar/2003_DE_LK1_12_W_10P.xml,2003,DE,W,10,2671,680,141
graphvar/2003_DE_LK1_13_M_04P.xml,2003,DE,M,04,1386,408,88
graphvar/2003_DE_LK1_14_W_05P.xml,2003,DE,W,05,1755,519,81
graphvar/2003_DE_LK1_15_W_10P.xml,2003,DE,W,10,1951,493,102
graphvar/2003_DE_LK1_16_M_10P.xml,2003,DE,M,10,1481,573,69
graphvar/2003_GE_GK1_01_M_05P.xml,2003,GE,M,05,1672,544,92
graphvar/2003_GE_GK1_02_M_07P.xml,2003,GE,M,07,1555,531,99
graphvar/2003_GE_GK1_03_W_07P.xml,2003,GE,W,07,1643,536,76
graphvar/2003_GE_LK1_01_M_12P.xml,2003,GE,M,12,1842,689,114
graphvar/2003_GE_LK1_02_W_13P.xml,2003,GE,W,13,1956,610,139
graphvar/2003_GE_LK1_03_M_04P.xml,2003,GE,M,04,1606,525,92
graphvar/2003_GE_LK1_04_M_07P.xml,2003,GE,M,07,1960,588,95
graphvar/2003_GE_LK1_05_M_06P.xml,2003,GE,M,06,2270,733,116
graphvar/2003_GE_LK1_06_W_03P.xml,2003,GE,W,03,1698,530,95
graphvar/2003_GE_LK1_07_M_05P.xml,2003,GE,M,05,1346,431,76
graphvar/2003_GE_LK1_08_W_04P.xml,2003,GE,W,04,1200,432,56
graphvar/2003_GE_LK1_09_W_07P.xml,2003,GE,W,07,1859,629,124
graphvar/2003_GE_LK1_10_W_04P.xml,2003,GE,W,04,1172,404,74
graphvar/2003_GE_LK1_11_M_08P.xml,2003,GE,M,08,1028,467,58
graphvar/2003_GE_LK1_12_W_07P.xml,2003,GE,W,07,1842,553,114
graphvar/2003_GE_LK1_13_M_09P.xml,2003,GE,M,09,1635,615,75
graphvar/2003_GE_LK1_14_M_07P.xml,2003,GE,M,07,1402,598,64
graphvar/2003_GE_LK1_15_W_07P.xml,2003,GE,W,07,1811,632,95
graphvar/2003_GE_LK1_16_W_05P.xml,2003,GE,W,05,1788,453,82
graphvar/2003_GE_LK1_17_M_05P.xml,2003,GE,M,05,1127,466,40
graphvar/2003_GE_LK1_18_W_04P.xml,2003,GE,W,04,2302,536,141
graphvar/2003_GE_LK1_19_M_05P.xml,2003,GE,M,05,1150,476,52
graphvar/2008_BIO_GK1_01_W_10P.xml,2008,BIO,W,10,2086,598,49
graphvar/2008_BIO_GK1_02_W_13P.xml,2008,BIO,W,13,2450,652,63
graphvar/2008_BIO_GK1_03_W_09P.xml,2008,BIO,W,09,1693,503,37
graphvar/2008_BIO_GK1_04_W_09P.xml,2008,BIO,W,09,1880,571,33
graphvar/2008_BIO_GK1_05_M_11P.xml,2008,BIO,M,11,1406,525,43
graphvar/2008_BIO_GK1_06_W_12P.xml,2008,BIO,W,12,2090,623,44
graphvar/2008_BIO_GK1_07_W_12P.xml,2008,BIO,W,12,3068,766,116
graphvar/2008_BIO_GK1_08_W_14P.xml,2008,BIO,W,14,2957,768,93
graphvar/2008_BIO_GK1_09_W_08P.xml,2008,BIO,W,08,1438,443,79
graphvar/2008_BIO_GK1_10_W_09P.xml,2008,BIO,W,09,2404,658,92
graphvar/2008_BIO_GK1_11_W_06P.xml,2008,BIO,W,06,1655,509,41
graphvar/2008_BIO_LK1_01_W_02P.xml,2008,BIO,W,02,1974,581,134
graphvar/2008_BIO_LK1_02_W_10P.xml,2008,BIO,W,10,3559,805,138
graphvar/2008_BIO_LK1_03_M_11P.xml,2008,BIO,M,11,2555,778,74
graphvar/2008_BIO_LK2_01_W_09P.xml,2008,BIO,W,09,4405,838,136
graphvar/2008_BIO_LK2_02_M_07P.xml,2008,BIO,M,07,1352,456,13
graphvar/2008_BIO_LK2_03_M_09P.xml,2008,BIO,M,09,3017,761,69
graphvar/2008_BIO_LK2_04_W_10P.xml,2008,BIO,W,10,2654,685,75
graphvar/2008_BIO_LK2_05_M_12P.xml,2008,BIO,M,12,3239,747,49
graphvar/2008_BIO_LK2_06_M_09P.xml,2008,BIO,M,09,2296,585,59
graphvar/2008_BIO_LK2_07_M_12P.xml,2008,BIO,M,12,2306,659,80
graphvar/2008_BIO_LK2_08_W_05P.xml,2008,BIO,W,05,1685,507,18
graphvar/2008_BIO_LK2_09_M_01P.xml,2008,BIO,M,01,1421,474,87
graphvar/2008_BIO_LK2_10_W_02P.xml,2008,BIO,W,02,2021,567,44
graphvar/2008_BIO_LK2_11_M_08P.xml,2008,BIO,M,08,2520,693,133
graphvar/2008_BIO_LK2_12_M_08P.xml,2008,BIO,M,08,2119,604,36
graphvar/2008_BIO_LK2_13_W_07P.xml,2008,BIO,W,07,2364,703,100
graphvar/2008_BIO_LK2_14_M_12P.xml,2008,BIO,M,12,2188,690,32
graphvar/2008_BIO_LK2_15_M_08P.xml,2008,BIO,M,08,1933,574,86
graphvar/2008_BIO_LK2_16_W_07P.xml,2008,BIO,W,07,2055,659,207
graphvar/2008_DE_GK1_01_W_07P.xml,2008,DE,W,07,1100,364,25
graphvar/2008_DE_GK2_01_M_11P.xml,2008,DE,M,11,1673,600,86
graphvar/2008_DE_GK2_02_W_11P.xml,2008,DE,W,11,1420,526,69
graphvar/2008_DE_GK2_03_W_10P.xml,2008,DE,W,10,991,394,59
graphvar/2008_DE_GK2_04_W_08P.xml,2008,DE,W,08,1448,464,43
graphvar/2008_DE_GK2_05_W_05P.xml,2008,DE,W,05,1171,428,114
graphvar/2008_DE_GK2_06_M_03P.xml,2008,DE,M,03,972,343,68
graphvar/2008_DE_GK3_01_M_02P.xml,2008,DE,M,02,1407,513,78
graphvar/2008_DE_LK1_01_W_06P.xml,2008,DE,W,06,1583,497,30
graphvar/2008_DE_LK1_02_W_09P.xml,2008,DE,W,09,1586,533,43
graphvar/2008_DE_LK1_03_W_10P.xml,2008,DE,W,10,1697,503,49
graphvar/2008_DE_LK1_04_W_05P.xml,2008,DE,W,05,1509,442,44
graphvar/2008_DE_LK1_05_W_13P.xml,2008,DE,W,13,1891,571,32
graphvar/2008_DE_LK1_06_M_09P.xml,2008,DE,M,09,1298,484,72
graphvar/2008_DE_LK1_07_M_05P.xml,2008,DE,M,05,1265,427,60
graphvar/2008_DE_LK1_08_W_07P.xml,2008,DE,W,07,2563,771,85
graphvar/2008_DE_LK1_09_W_08P.xml,2008,DE,W,08,2181,596,100
graphvar/2008_DE_LK1_10_W_05P.xml,2008,DE,W,05,1728,570,33
graphvar/2008_DE_LK1_11_W_04P.xml,2008,DE,W,04,1456,514,51
graphvar/2008_DE_LK1_12_W_05P.xml,2008,DE,W,05,1477,414,39
graphvar/2008_DE_LK1_13_W_04P.xml,2008,DE,W,04,1943,591,71
graphvar/2008_DE_LK1_14_W_06P.xml,2008,DE,W,06,1699,461,47
graphvar/2008_DE_LK1_15_W_07P.xml,2008,DE,W,07,1015,378,17
graphvar/2008_DE_LK1_16_W_08P.xml,2008,DE,W,08,1768,553,49
graphvar/2008_DE_LK1_17_W_10P.xml,2008,DE,W,10,2150,653,52
graphvar/2008_DE_LK1_18_W_10P.xml,2008,DE,W,10,1814,637,77
graphvar/2008_DE_LK1_19_W_10P.xml,2008,DE,W,10,1540,551,82
graphvar/2008_DE_LK1_20_W_11P.xml,2008,DE,W,11,2057,636,94
graphvar/2008_DE_LK1_21_W_09P.xml,2008,DE,W,09,1838,697,48
graphvar/2008_DE_LK1_22_W_10P.xml,2008,DE,W,10,1310,451,71
graphvar/2008_DE_LK1_23_W_12P.xml,2008,DE,W,12,1864,653,57
graphvar/2008_DE_LK2_01_W_06P.xml,2008,DE,W,06,2193,658,141
graphvar/2008_DE_LK2_02_W_07P.xml,2008,DE,W,07,1619,479,52
graphvar/2008_DE_LK2_03_M_12P.xml,2008,DE,M,12,1558,608,36
graphvar/2008_DE_LK2_04_W_04P.xml,2008,DE,W,04,822,335,22
graphvar/2008_DE_LK2_05_W_08P.xml,2008,DE,W,08,2428,646,77
graphvar/2008_DE_LK2_06_M_08P.xml,2008,DE,M,08,2136,658,85
graphvar/2008_DE_LK2_07_W_05P.xml,2008,DE,W,05,1629,577,90
graphvar/2008_DE_LK2_08_W_09P.xml,2008,DE,W,09,2075,635,71
graphvar/2008_DE_LK2_09_M_07P.xml,2008,DE,M,07,1204,457,33
graphvar/2008_DE_LK2_10_M_07P.xml,2008,DE,M,07,1438,509,46
graphvar/2008_DE_LK2_11_W_07P.xml,2008,DE,W,07,2703,769,52
graphvar/2008_DE_LK2_12_W_03P.xml,2008,DE,W,03,1358,431,54
graphvar/2008_DE_LK2_13_W_06P.xml,2008,DE,W,06,2107,612,72
graphvar/2008_DE_LK2_14_W_11P.xml,2008,DE,W,11,1658,561,90
graphvar/2008_DE_LK2_15_W_05P.xml,2008,DE,W,05,1972,636,116
graphvar/2008_DE_LK2_16_W_05P.xml,2008,DE,W,05,3137,676,172
graphvar/2008_DE_LK2_17_W_10P.xml,2008,DE,W,10,2742,815,98
graphvar/2008_DE_LK2_18_W_10P.xml,2008,DE,W,10,1452,444,28
graphvar/2008_DE_LK2_19_M_08P.xml,2008,DE,M,08,864,400,22
graphvar/2008_DE_LK2_20_W_08P.xml,2008,DE,W,08,1469,539,33
graphvar/2008_DE_LK2_21_W_08P.xml,2008,DE,W,08,1643,459,31
graphvar/2008_DE_LK2_22_W_09P.xml,2008,DE,W,09,2289,637,63
graphvar/2008_GE_GK1_01_09P.xml,2008,GE,NA,09,1868,676,79
graphvar/2008_GE_GK1_02_10P.xml,2008,GE,NA,10,1248,536,28
graphvar/2008_GE_GK1_03_07P.xml,2008,GE,NA,07,809,322,55
graphvar/2008_GE_LK1_01_07P.xml,2008,GE,NA,07,1862,567,74
graphvar/2008_GE_LK1_02_07P.xml,2008,GE,NA,07,1487,519,51
graphvar/2008_GE_LK1_03_07P.xml,2008,GE,NA,07,1487,460,27
graphvar/2008_GE_LK1_04_10P.xml,2008,GE,NA,10,1908,583,101
graphvar/2008_GE_LK1_05_08P.xml,2008,GE,NA,08,1871,669,67
graphvar/2008_GE_LK1_06_06P.xml,2008,GE,NA,06,1591,519,123
graphvar/2008_GE_LK1_07_12P.xml,2008,GE,NA,12,2909,823,81
graphvar/2008_GE_LK1_08_06P.xml,2008,GE,NA,06,841,377,37
graphvar/2008_GE_LK1_09_10P.xml,2008,GE,NA,10,1242,442,26
graphvar/2008_GE_LK1_10_07P.xml,2008,GE,NA,07,1240,486,34
graphvar/2008_GE_LK1_11_04P.xml,2008,GE,NA,04,1665,587,106
graphvar/2008_GE_LK1_12_05P.xml,2008,GE,NA,05,1734,586,97
graphvar/2008_GE_LK1_13_13P.xml,2008,GE,NA,13,1841,590,82
graphvar/2008_GE_LK1_14_06P.xml,2008,GE,NA,06,2027,602,55
graphvar/2008_GE_LK1_15_10P.xml,2008,GE,NA,10,2234,770,82
graphvar/2008_GE_LK1_16_05P.xml,2008,GE,NA,05,1195,428,45
graphvar/2008_GE_LK1_17_06P.xml,2008,GE,NA,06,1732,549,74
graphvar/2013_BIO_GK1_01_M_01P.xml,2013,BIO,M,01,1267,350,96
graphvar/2013_BIO_GK1_02_M_05P.xml,2013,BIO,M,05,1488,516,140
graphvar/2013_BIO_GK1_03_M_10P.xml,2013,BIO,M,10,1685,535,110
graphvar/2013_BIO_GK1_04_M_03P.xml,2013,BIO,M,03,710,322,64
graphvar/2013_BIO_GK1_05_W_08P.xml,2013,BIO,W,08,1758,546,105
graphvar/2013_BIO_GK1_06_W_08P.xml,2013,BIO,W,08,1623,469,107
graphvar/2013_BIO_GK1_07_W_06P.xml,2013,BIO,W,06,1561,488,124
graphvar/2013_BIO_GK1_08_W_08P.xml,2013,BIO,W,08,1613,488,109
graphvar/2013_BIO_GK1_09_W_09P.xml,2013,BIO,W,09,1893,530,142
graphvar/2013_BIO_GK1_10_W_07P.xml,2013,BIO,W,07,1115,375,87
graphvar/2013_BIO_GK1_11_W_11P.xml,2013,BIO,W,11,1840,522,138
graphvar/2013_BIO_GK1_12_W_06P.xml,2013,BIO,W,06,1422,476,82
graphvar/2013_BIO_GK2_01_W_04P.xml,2013,BIO,W,04,1367,433,106
graphvar/2013_BIO_GK2_02_M_02P.xml,2013,BIO,M,02,660,306,51
graphvar/2013_BIO_GK2_03_M_08P.xml,2013,BIO,M,08,1227,376,91
graphvar/2013_BIO_GK2_04_W_10P.xml,2013,BIO,W,10,1977,516,202
graphvar/2013_BIO_GK2_05_W_07P.xml,2013,BIO,W,07,1613,475,165
graphvar/2013_BIO_GK2_06_W_13P.xml,2013,BIO,W,13,2375,654,134
graphvar/2013_BIO_GK2_07_M_05P.xml,2013,BIO,M,05,1482,439,109
graphvar/2013_BIO_GK2_08_W_09P.xml,2013,BIO,W,09,1954,555,134
graphvar/2013_BIO_GK2_09_W_09P.xml,2013,BIO,W,09,1524,449,124
graphvar/2013_BIO_GK2_10_W_08P.xml,2013,BIO,W,08,1879,537,131
graphvar/2013_BIO_GK2_11_M_04P.xml,2013,BIO,M,04,1658,580,92
graphvar/2013_BIO_GK2_12_W_01P.xml,2013,BIO,W,01,1090,372,80
graphvar/2013_BIO_GK2_13_W_04P.xml,2013,BIO,W,04,1577,491,130
graphvar/2013_BIO_GK2_14_W_08P.xml,2013,BIO,W,08,1608,500,124
graphvar/2013_BIO_GK2_15_W_04P.xml,2013,BIO,W,04,1824,408,102
graphvar/2013_BIO_GK3_01_M_04P.xml,2013,BIO,M,04,1335,403,96
graphvar/2013_BIO_GK3_02_M_12P.xml,2013,BIO,M,12,1668,547,140
graphvar/2013_BIO_GK3_03_W_10P.xml,2013,BIO,W,10,1803,595,273
graphvar/2013_BIO_GK3_04_W_10P.xml,2013,BIO,W,10,1647,545,71
graphvar/2013_BIO_GK3_05_W_09P.xml,2013,BIO,W,09,1453,472,161
graphvar/2013_BIO_GK3_06_W_08P.xml,2013,BIO,W,08,1120,383,136
graphvar/2013_BIO_GK3_07_M_08P.xml,2013,BIO,M,08,1213,411,137
graphvar/2013_BIO_GK3_08_W_06P.xml,2013,BIO,W,06,1288,458,108
graphvar/2013_BIO_GK3_09_W_06P.xml,2013,BIO,W,06,1546,458,184
graphvar/2013_BIO_GK3_10_W_05P.xml,2013,BIO,W,05,1366,446,68
graphvar/2013_BIO_GK3_11_M_05P.xml,2013,BIO,M,05,1354,427,156
graphvar/2013_BIO_GK3_12_W_04P.xml,2013,BIO,W,04,1199,401,122
graphvar/2013_BIO_GK4_01_M_11P.xml,2013,BIO,M,11,1933,497,258
graphvar/2013_BIO_GK4_02_W_02P.xml,2013,BIO,W,02,1429,460,155
graphvar/2013_BIO_GK4_03_W_06P.xml,2013,BIO,W,06,1374,454,123
graphvar/2013_BIO_GK4_04_W_12P.xml,2013,BIO,W,12,1505,503,109
graphvar/2013_BIO_GK4_05_W_09P.xml,2013,BIO,W,09,1508,523,112
graphvar/2013_BIO_GK4_06_M_06P.xml,2013,BIO,M,06,827,322,64
graphvar/2013_BIO_GK4_07_W_10P.xml,2013,BIO,W,10,1621,484,190
graphvar/2013_BIO_GK4_08_M_07P.xml,2013,BIO,M,07,1578,484,168
graphvar/2013_BIO_GK4_09_W_06P.xml,2013,BIO,W,06,1504,500,170
graphvar/2013_BIO_GK4_10_W_02P.xml,2013,BIO,W,02,1066,351,61
graphvar/2013_BIO_GK4_11_W_05P.xml,2013,BIO,W,05,1207,389,168
graphvar/2013_BIO_LK1_01_W_13P.xml,2013,BIO,W,13,3462,747,397
graphvar/2013_BIO_LK1_02_M_10P.xml,2013,BIO,M,10,1671,529,204
graphvar/2013_BIO_LK1_03_M_10P.xml,2013,BIO,M,10,2071,586,213
graphvar/2013_BIO_LK1_04_W_08P.xml,2013,BIO,W,08,1222,452,102
graphvar/2013_BIO_LK1_05_W_10P.xml,2013,BIO,W,10,2220,699,188
graphvar/2013_BIO_LK1_06_W_13P.xml,2013,BIO,W,13,2530,671,235
graphvar/2013_BIO_LK1_07_W_11P.xml,2013,BIO,W,11,2082,577,198
graphvar/2013_BIO_LK1_08_M_06P.xml,2013,BIO,M,06,948,367,91
graphvar/2013_BIO_LK1_09_M_05P.xml,2013,BIO,M,05,1111,378,146
graphvar/2013_BIO_LK1_10_W_07P.xml,2013,BIO,W,07,1725,536,232
graphvar/2013_BIO_LK1_11_M_10P.xml,2013,BIO,M,10,2082,555,134
graphvar/2013_BIO_LK1_12_M_10P.xml,2013,BIO,M,10,2466,634,192
graphvar/2013_DE_GK1_01_W_11P.xml,2013,DE,W,11,1735,585,137
graphvar/2013_DE_GK1_02_M_08P.xml,2013,DE,M,08,1389,430,137
graphvar/2013_DE_GK1_03_W_08P.xml,2013,DE,W,08,1557,476,107
graphvar/2013_DE_GK1_04_W_10P.xml,2013,DE,W,10,1827,572,151
graphvar/2013_DE_GK2_01_W_08P.xml,2013,DE,W,08,1511,532,102
graphvar/2013_DE_GK2_02_W_05P.xml,2013,DE,W,05,1516,459,153
graphvar/2013_DE_GK2_03_W_03P.xml,2013,DE,W,03,1777,597,174
graphvar/2013_DE_GK2_04_W_10P.xml,2013,DE,W,10,1183,407,93
graphvar/2013_DE_GK2_05_M_07P.xml,2013,DE,M,07,1335,496,166
graphvar/2013_DE_GK2_06_W_08P.xml,2013,DE,W,08,2083,606,151
graphvar/2013_DE_GK3_01_W_14P.xml,2013,DE,W,14,2168,633,223
graphvar/2013_DE_GK4_01_W_06P.xml,2013,DE,W,06,1616,514,175
graphvar/2013_DE_GK4_02_W_08P.xml,2013,DE,W,08,1463,458,125
graphvar/2013_DE_GK4_03_W_12P.xml,2013,DE,W,12,1551,542,104
graphvar/2013_DE_LK1_01_W_10P.xml,2013,DE,W,10,2169,705,188
graphvar/2013_DE_LK1_02_W_10P.xml,2013,DE,W,10,2189,569,167
graphvar/2013_DE_LK1_03_W_08P.xml,2013,DE,W,08,2019,595,171
graphvar/2013_DE_LK1_04_W_15P.xml,2013,DE,W,15,2073,653,116
graphvar/2013_DE_LK1_05_M_11P.xml,2013,DE,M,11,1421,500,164
graphvar/2013_DE_LK1_06_W_07P.xml,2013,DE,W,07,1213,465,98
graphvar/2013_DE_LK1_07_W_07P.xml,2013,DE,W,07,2187,719,214
graphvar/2013_DE_LK1_08_W_10P.xml,2013,DE,W,10,1643,512,161
graphvar/2013_DE_LK1_09_W_10P.xml,2013,DE,W,10,1853,586,120
graphvar/2013_DE_LK1_10_W_07P.xml,2013,DE,W,07,1521,511,99
graphvar/2013_DE_LK1_11_W_12P.xml,2013,DE,W,12,2543,787,169
graphvar/2013_DE_LK1_12_W_07P.xml,2013,DE,W,07,1710,504,193
graphvar/2013_DE_LK1_13_M_07P.xml,2013,DE,M,07,1242,492,154
graphvar/2013_DE_LK1_14_W_12P.xml,2013,DE,W,12,1859,638,131
graphvar/2013_DE_LK1_15_W_10P.xml,2013,DE,W,10,1519,538,179
graphvar/2013_DE_LK1_16_W_05P.xml,2013,DE,W,05,1101,415,174
graphvar/2013_DE_LK2_01_W_04P.xml,2013,DE,W,04,1616,517,171
graphvar/2013_DE_LK2_02_M_07P.xml,2013,DE,M,07,1946,562,124
graphvar/2013_DE_LK2_03_W_08P.xml,2013,DE,W,08,1632,510,199
graphvar/2013_DE_LK2_04_M_05P.xml,2013,DE,M,05,1320,469,58
graphvar/2013_DE_LK2_05_W_09P.xml,2013,DE,W,09,1900,534,178
graphvar/2013_DE_LK2_06_W_10P.xml,2013,DE,W,10,2165,674,116
graphvar/2013_DE_LK2_07_W_07P.xml,2013,DE,W,07,2693,718,104
graphvar/2013_DE_LK2_08_W_11P.xml,2013,DE,W,11,2194,583,170
graphvar/2013_DE_LK2_09_W_05P.xml,2013,DE,W,05,1534,485,140
graphvar/2013_DE_LK2_10_M_06P.xml,2013,DE,M,06,1924,583,175
graphvar/2013_DE_LK2_11_W_13P.xml,2013,DE,W,13,2195,650,198
graphvar/2013_DE_LK2_12_W_12P.xml,2013,DE,W,12,2308,698,206
graphvar/2013_DE_LK2_13_W_11P.xml,2013,DE,W,11,3722,892,262
graphvar/2013_DE_LK2_14_M_07P.xml,2013,DE,M,07,1632,596,112
graphvar/2013_DE_LK2_15_W_07P.xml,2013,DE,W,07,2632,772,300
graphvar/2013_DE_LK2_16_M_10P.xml,2013,DE,M,10,2093,554,238
graphvar/2013_DE_LK3_01_W_10P.xml,2013,DE,W,10,2364,745,144
graphvar/2013_DE_LK3_02_W_05P.xml,2013,DE,W,05,1068,363,91
graphvar/2013_DE_LK3_03_M_05P.xml,2013,DE,M,05,1389,434,119
graphvar/2013_DE_LK3_04_W_03P.xml,2013,DE,W,03,1792,531,139
graphvar/2013_DE_LK3_05_W_14P.xml,2013,DE,W,14,1737,486,169
graphvar/2013_DE_LK3_06_W_03P.xml,2013,DE,W,03,1911,563,189
graphvar/2013_DE_LK3_07_W_09P.xml,2013,DE,W,09,2243,661,157
graphvar/2013_DE_LK3_08_M_11P.xml,2013,DE,M,11,1760,526,102
graphvar/2013_DE_LK3_09_W_12P.xml,2013,DE,W,12,2174,769,119
graphvar/2013_DE_LK3_10_W_09P.xml,2013,DE,W,09,2026,580,190
graphvar/2013_DE_LK3_11_W_09P.xml,2013,DE,W,09,1396,433,125
graphvar/2013_DE_LK3_12_W_04P.xml,2013,DE,W,04,2163,678,178
graphvar/2013_DE_LK3_13_M_07P.xml,2013,DE,M,07,1700,559,145
graphvar/2013_DE_LK3_14_M_05P.xml,2013,DE,M,05,1761,519,119
graphvar/2013_DE_LK3_15_W_05P.xml,2013,DE,W,05,1579,554,96
graphvar/2013_GE_LK1_01_W_03P.xml,2013,GE,W,03,1545,571,245
graphvar/2013_GE_LK1_02_M_06P.xml,2013,GE,M,06,1363,501,107
graphvar/2013_GE_LK1_03_M_10P.xml,2013,GE,M,10,2321,651,240
graphvar/2013_GE_LK1_04_W_07P.xml,2013,GE,W,07,2315,835,132
graphvar/2013_GE_LK1_05_M_04P.xml,2013,GE,M,04,1174,468,75
graphvar/2013_GE_LK1_06_M_12P.xml,2013,GE,M,12,1871,661,115
graphvar/2013_GE_LK1_07_M_04P.xml,2013,GE,M,04,1840,570,99
graphvar/2013_GE_LK1_08_W_09P.xml,2013,GE,W,09,2380,845,96
graphvar/2013_GE_LK1_09_W_03P.xml,2013,GE,W,03,2903,733,182
graphvar/2013_GE_LK1_10_M_11P.xml,2013,GE,M,11,3413,892,191
graphvar/2013_GE_LK1_11_W_11P.xml,2013,GE,W,11,3308,889,210
graphvar/2013_GE_LK1_12_W_07P.xml,2013,GE,W,07,2829,849,253
graphvar/2013_GE_LK1_13_W_04P.xml,2013,GE,W,04,1722,487,124
graphvar/2013_GE_LK1_14_W_11P.xml,2013,GE,W,11,2113,711,112
graphvar/2018_BIO_GK1_01_W_03P.xml,2018,BIO,W,03,1291,410,44
graphvar/2018_BIO_GK1_02_W_10P.xml,2018,BIO,W,10,907,316,10
graphvar/2018_BIO_GK1_03_W_12P.xml,2018,BIO,W,12,1056,387,10
graphvar/2018_BIO_GK1_04_M_10P.xml,2018,BIO,M,10,1526,475,1
graphvar/2018_BIO_GK1_05_W_09P.xml,2018,BIO,W,09,2339,563,26
graphvar/2018_BIO_GK1_06_W_11P.xml,2018,BIO,W,11,1499,431,12
graphvar/2018_BIO_GK1_07_W_13P.xml,2018,BIO,W,13,1375,416,13
graphvar/2018_BIO_GK1_08_W_06P.xml,2018,BIO,W,06,1617,432,29
graphvar/2018_BIO_GK2_01_W_10P.xml,2018,BIO,W,10,931,343,27
graphvar/2018_BIO_GK2_02_W_09P.xml,2018,BIO,W,09,1314,412,13
graphvar/2018_BIO_GK2_03_M_11P.xml,2018,BIO,M,11,1553,497,21
graphvar/2018_BIO_GK2_04_W_09P.xml,2018,BIO,W,09,1324,377,9
graphvar/2018_BIO_GK2_05_M_06P.xml,2018,BIO,M,06,1752,411,33
graphvar/2018_BIO_GK2_06_W_05P.xml,2018,BIO,W,05,1031,354,14
graphvar/2018_BIO_GK2_07_M_04P.xml,2018,BIO,M,04,935,355,11
graphvar/2018_BIO_GK2_08_W_13P.xml,2018,BIO,W,13,1411,507,10
graphvar/2018_BIO_GK2_09_W_03P.xml,2018,BIO,W,03,1501,397,12
graphvar/2018_BIO_GK3_01_W_07P.xml,2018,BIO,W,07,984,319,8
graphvar/2018_BIO_GK3_02_M_09P.xml,2018,BIO,M,09,1342,454,45
graphvar/2018_BIO_GK3_03_W_09P.xml,2018,BIO,W,09,1717,472,46
graphvar/2018_BIO_GK3_04_M_07P.xml,2018,BIO,M,07,1432,415,31
graphvar/2018_BIO_GK3_05_W_10P.xml,2018,BIO,W,10,1546,464,30
graphvar/2018_BIO_GK3_06_W_13P.xml,2018,BIO,W,13,2570,619,34
graphvar/2018_BIO_LK1_01_M_06P.xml,2018,BIO,M,06,2091,510,53
graphvar/2018_BIO_LK1_02_M_06P.xml,2018,BIO,M,06,2396,598,67
graphvar/2018_BIO_LK1_03_M_06P.xml,2018,BIO,M,06,2538,596,31
graphvar/2018_BIO_LK1_04_M_04P.xml,2018,BIO,M,04,1613,517,32
graphvar/2018_BIO_LK1_05_M_04P.xml,2018,BIO,M,04,1668,518,75
graphvar/2018_BIO_LK1_06_M_02P.xml,2018,BIO,M,02,1807,426,100
graphvar/2018_BIO_LK1_07_W_06P.xml,2018,BIO,W,06,2416,595,42
graphvar/2018_BIO_LK1_08_M_06P.xml,2018,BIO,M,06,1569,464,44
graphvar/2018_BIO_LK1_09_M_05P.xml,2018,BIO,M,05,1946,522,86
graphvar/2018_BIO_LK1_10_M_07P.xml,2018,BIO,M,07,2607,649,51
graphvar/2018_BIO_LK1_11_W_08P.xml,2018,BIO,W,08,2189,535,17
graphvar/2018_BIO_LK1_12_W_08P.xml,2018,BIO,W,08,1780,517,42
graphvar/2018_BIO_LK1_13_M_04P.xml,2018,BIO,M,04,1521,402,29
graphvar/2018_BIO_LK1_14_M_09P.xml,2018,BIO,M,09,2202,609,52
graphvar/2018_BIO_LK1_15_W_03P.xml,2018,BIO,W,03,2599,586,54
graphvar/2018_BIO_LK1_16_W_09P.xml,2018,BIO,W,09,3067,711,65
graphvar/2018_BIO_LK1_17_M_10P.xml,2018,BIO,M,10,1972,609,27
graphvar/2018_BIO_LK1_18_W_07P.xml,2018,BIO,W,07,1619,468,14
graphvar/2018_BIO_LK1_19_M_07P.xml,2018,BIO,M,07,2151,631,25
graphvar/2018_BIO_LK2_01_W_06P.xml,2018,BIO,W,06,1725,562,45
graphvar/2018_BIO_LK2_02_M_06P.xml,2018,BIO,M,06,2125,506,37
graphvar/2018_BIO_LK2_03_M_02P.xml,2018,BIO,M,02,1286,369,39
graphvar/2018_BIO_LK2_04_M_06P.xml,2018,BIO,M,06,1887,516,38
graphvar/2018_BIO_LK2_05_M_08P.xml,2018,BIO,M,08,2237,531,38
graphvar/2018_BIO_LK2_06_M_12P.xml,2018,BIO,M,12,2157,519,69
graphvar/2018_BIO_LK2_07_M_05P.xml,2018,BIO,M,05,1845,527,50
graphvar/2018_BIO_LK2_08_W_07P.xml,2018,BIO,W,07,1835,556,44
graphvar/2018_BIO_LK2_09_W_05P.xml,2018,BIO,W,05,1676,466,23
graphvar/2018_BIO_LK2_10_M_08P.xml,2018,BIO,M,08,2462,740,91
graphvar/2018_BIO_LK2_11_W_10P.xml,2018,BIO,W,10,2253,628,57
graphvar/2018_BIO_LK2_12_W_07P.xml,2018,BIO,W,07,2189,519,40
graphvar/2018_BIO_LK2_13_W_08P.xml,2018,BIO,W,08,1869,460,46
graphvar/2018_BIO_LK2_14_M_03P.xml,2018,BIO,M,03,1691,502,27
graphvar/2018_BIO_LK2_15_W_09P.xml,2018,BIO,W,09,2095,508,51
graphvar/2018_BIO_LK2_16_M_05P.xml,2018,BIO,M,05,1428,435,60
graphvar/2018_BIO_LK2_17_W_12P.xml,2018,BIO,W,12,1822,522,30
graphvar/2018_BIO_LK2_18_W_06P.xml,2018,BIO,W,06,1703,502,34
graphvar/2018_BIO_LK2_19_M_08P.xml,2018,BIO,M,08,2068,523,50
graphvar/2018_BIO_LK2_20_M_07P.xml,2018,BIO,M,07,1738,475,34
graphvar/2018_DE_GK1_01_M_06P.xml,2018,DE,M,06,1485,443,70
graphvar/2018_DE_GK1_02_W_05P.xml,2018,DE,W,05,1536,464,84
graphvar/2018_DE_GK1_03_M_03P.xml,2018,DE,M,03,731,291,37
graphvar/2018_DE_GK1_04_W_08P.xml,2018,DE,W,08,2123,530,91
graphvar/2018_DE_GK2_01_M_08P.xml,2018,DE,M,08,2031,520,123
graphvar/2018_DE_GK2_02_M_05P.xml,2018,DE,M,05,1230,375,77
graphvar/2018_DE_GK2_03_W_02P.xml,2018,DE,W,02,1513,445,101
graphvar/2018_DE_GK3_01_W_08P.xml,2018,DE,W,08,1071,303,52
graphvar/2018_DE_GK3_02_M_03P.xml,2018,DE,M,03,1408,415,33
graphvar/2018_DE_GK3_03_M_03P.xml,2018,DE,M,03,1297,347,91
graphvar/2018_DE_GK3_04_M_03P.xml,2018,DE,M,03,1297,339,58
graphvar/2018_DE_LK1_01_W_01P.xml,2018,DE,W,01,1784,470,71
graphvar/2018_DE_LK1_02_W_06P.xml,2018,DE,W,06,1843,471,82
graphvar/2018_DE_LK1_03_W_11P.xml,2018,DE,W,11,2159,457,33
graphvar/2018_DE_LK1_04_W_03P.xml,2018,DE,W,03,1657,396,103
graphvar/2018_DE_LK1_05_W_10P.xml,2018,DE,W,10,1940,444,27
graphvar/2018_DE_LK1_06_W_05P.xml,2018,DE,W,05,2092,477,44
graphvar/2018_DE_LK1_07_W_14P.xml,2018,DE,W,14,2129,487,21
graphvar/2018_DE_LK1_08_W_15P.xml,2018,DE,W,15,2274,602,17
graphvar/2018_DE_LK1_09_W_12P.xml,2018,DE,W,12,1549,473,32
graphvar/2018_DE_LK1_10_W_06P.xml,2018,DE,W,06,2252,486,64
graphvar/2018_DE_LK1_11_W_08P.xml,2018,DE,W,08,2360,442,27
graphvar/2018_DE_LK1_12_W_07P.xml,2018,DE,W,07,2116,463,60
graphvar/2018_DE_LK1_13_W_09P.xml,2018,DE,W,09,2705,633,68
graphvar/2018_DE_LK1_14_W_06P.xml,2018,DE,W,06,2347,481,53
graphvar/2018_DE_LK1_15_W_03P.xml,2018,DE,W,03,1919,489,80
graphvar/2018_DE_LK1_16_M_06P.xml,2018,DE,M,06,1806,448,128
graphvar/2018_DE_LK1_17_W_06P.xml,2018,DE,W,06,1786,444,60
graphvar/2018_DE_LK1_18_W_01P.xml,2018,DE,W,01,2060,497,122
graphvar/2018_DE_LK2_01_W_13P.xml,2018,DE,W,13,2283,557,21
graphvar/2018_DE_LK2_02_M_03P.xml,2018,DE,M,03,1986,498,182
graphvar/2018_DE_LK2_03_W_10P.xml,2018,DE,W,10,1679,439,54
graphvar/2018_DE_LK2_04_W_08P.xml,2018,DE,W,08,1572,445,33
graphvar/2018_DE_LK2_05_W_03P.xml,2018,DE,W,03,1950,552,51
graphvar/2018_DE_LK2_06_W_09P.xml,2018,DE,W,09,2009,491,24
graphvar/2018_DE_LK2_07_W_09P.xml,2018,DE,W,09,2598,780,79
graphvar/2018_DE_LK2_08_W_08P.xml,2018,DE,W,08,2012,561,81
graphvar/2018_DE_LK2_09_W_11P.xml,2018,DE,W,11,3064,784,61
graphvar/2018_DE_LK2_10_W_11P.xml,2018,DE,W,11,1232,349,18
graphvar/2018_DE_LK2_11_W_07P.xml,2018,DE,W,07,1957,501,82
graphvar/2018_DE_LK2_12_W_14P.xml,2018,DE,W,14,2146,575,27
graphvar/2018_DE_LK2_13_W_08P.xml,2018,DE,W,08,2242,584,53
graphvar/2018_DE_LK2_14_W_09P.xml,2018,DE,W,09,1778,513,22
graphvar/2018_DE_LK2_15_W_08P.xml,2018,DE,W,08,2336,556,60
graphvar/2018_DE_LK2_16_W_08P.xml,2018,DE,W,08,1569,447,19
graphvar/2018_DE_LK2_17_W_11P.xml,2018,DE,W,11,1852,506,11
graphvar/2018_DE_LK2_18_W_07P.xml,2018,DE,W,07,1406,414,30
graphvar/2018_DE_LK2_19_W_10P.xml,2018,DE,W,10,2005,557,96
graphvar/2018_DE_LK2_20_W_09P.xml,2018,DE,W,09,1688,390,33
graphvar/2018_DE_LK3_01_M_05P.xml,2018,DE,M,05,1745,435,61
graphvar/2018_DE_LK3_02_W_04P.xml,2018,DE,W,04,2211,557,102
graphvar/2018_DE_LK3_03_W_07P.xml,2018,DE,W,07,1123,397,25
graphvar/2018_DE_LK3_04_W_07P.xml,2018,DE,W,07,1196,381,50
graphvar/2018_DE_LK3_05_M_07P.xml,2018,DE,M,07,2556,639,137
graphvar/2018_DE_LK3_06_M_11P.xml,2018,DE,M,11,2351,617,41
graphvar/2018_DE_LK3_07_W_10P.xml,2018,DE,W,10,2039,497,79
graphvar/2018_DE_LK3_08_M_10P.xml,2018,DE,M,10,1406,419,53
graphvar/2018_DE_LK3_09_M_09P.xml,2018,DE,M,09,1298,426,48
graphvar/2018_DE_LK3_10_M_07P.xml,2018,DE,M,07,2038,510,107
graphvar/2018_DE_LK3_11_M_05P.xml,2018,DE,M,05,2064,527,153
graphvar/2018_DE_LK3_12_M_15P.xml,2018,DE,M,15,1754,508,41
graphvar/2018_DE_LK3_13_M_12P.xml,2018,DE,M,12,1878,454,114
graphvar/2018_DE_LK3_14_W_03P.xml,2018,DE,W,03,2177,537,75
graphvar/2018_DE_LK3_15_M_13P.xml,2018,DE,M,13,1989,647,47
graphvar/2018_DE_LK3_16_W_15P.xml,2018,DE,W,15,2311,630,52
graphvar/2018_DE_LK4_01_W_07P.xml,2018,DE,W,07,1366,424,39
graphvar/2018_DE_LK4_02_W_03P.xml,2018,DE,W,03,1760,435,122
graphvar/2018_DE_LK4_03_W_08P.xml,2018,DE,W,08,1271,438,48
graphvar/2018_DE_LK4_04_W_07P.xml,2018,DE,W,07,1991,478,73
graphvar/2018_DE_LK4_05_W_08P.xml,2018,DE,W,08,1383,435,57
graphvar/2018_DE_LK4_06_W_08P.xml,2018,DE,W,08,2154,560,98
graphvar/2018_DE_LK4_07_W_05P.xml,2018,DE,W,05,2521,491,95
graphvar/2018_DE_LK4_08_M_09P.xml,2018,DE,M,09,1805,582,51
graphvar/2018_DE_LK4_09_M_03P.xml,2018,DE,M,03,1281,424,67
graphvar/2018_DE_LK4_10_M_06P.xml,2018,DE,M,06,2174,556,111
graphvar/2018_DE_LK4_11_W_11P.xml,2018,DE,W,11,1912,458,50
graphvar/2018_DE_LK4_12_W_07P.xml,2018,DE,W,07,1241,451,45
graphvar/2018_DE_LK4_13_M_08P.xml,2018,DE,M,08,1729,529,66
graphvar/2018_DE_LK4_14_W_11P.xml,2018,DE,W,11,2810,666,158
graphvar/2018_DE_LK4_15_M_06P.xml,2018,DE,M,06,1797,588,76
graphvar/2018_DE_LK4_16_W_06P.xml,2018,DE,W,06,1177,389,57
graphvar/2018_DE_LK4_17_M_06P.xml,2018,DE,M,06,1607,464,48
graphvar/2018_DE_LK4_18_M_05P.xml,2018,DE,M,05,1367,461,51
graphvar/2018_GE_GK1_01_W_06P.xml,2018,GE,W,06,1024,421,38
graphvar/2018_GE_LK1_01_M_06P.xml,2018,GE,M,06,1159,414,78
graphvar/2018_GE_LK1_02_W_05P.xml,2018,GE,W,05,1210,413,77
graphvar/2018_GE_LK1_03_M_06P.xml,2018,GE,M,06,1793,504,227
graphvar/2018_GE_LK1_04_W_12P.xml,2018,GE,W,12,1577,445,39
graphvar/2018_GE_LK1_05_M_08P.xml,2018,GE,M,08,1542,482,91
graphvar/2018_GE_LK1_06_M_07P.xml,2018,GE,M,07,1306,472,132
graphvar/2018_GE_LK1_07_M_09P.xml,2018,GE,M,09,1332,427,78
graphvar/2018_GE_LK1_08_W_04P.xml,2018,GE,W,04,1427,482,59
graphvar/2018_GE_LK1_09_M_06P.xml,2018,GE,M,06,1681,472,193
graphvar/2018_GE_LK1_10_M_04P.xml,2018,GE,M,04,1562,505,123
graphvar/2018_GE_LK1_11_W_05P.xml,2018,GE,W,05,2054,568,52
graphvar/2018_GE_LK1_12_M_11P.xml,2018,GE,M,11,2094,673,42
graphvar/2018_GE_LK1_13_W_05P.xml,2018,GE,W,05,1240,476,62
graphvar/2018_GE_LK1_14_W_03P.xml,2018,GE,W,03,1815,569,111
graphvar/2018_GE_LK1_15_W_04P.xml,2018,GE,W,04,1660,473,78
graphvar/2018_GE_LK2_01_W_11P.xml,2018,GE,W,11,2854,766,35
graphvar/2018_GE_LK2_02_W_05P.xml,2018,GE,W,05,1842,489,43
graphvar/2018_GE_LK2_03_M_05P.xml,2018,GE,M,05,2232,687,81
graphvar/2018_GE_LK2_04_M_05P.xml,2018,GE,M,05,2488,767,133
graphvar/2018_GE_LK2_06_M_07P.xml,2018,GE,M,07,2278,683,128
graphvar/2018_GE_LK2_07_W_06P.xml,2018,GE,W,06,1646,501,95
graphvar/2018_GE_LK2_08_M_05P.xml,2018,GE,M,05,1711,575,89
graphvar/2018_GE_LK2_09_W_06P.xml,2018,GE,W,06,2266,648,151
graphvar/2018_GE_LK2_10_M_08P.xml,2018,GE,M,08,2398,714,123
graphvar/2018_GE_LK2_11_W_06P.xml,2018,GE,W,06,1468,433,60
graphvar/2018_GE_LK2_12_W_05P.xml,2018,GE,W,05,1756,552,76
graphvar/2018_GE_LK2_13_M_04P.xml,2018,GE,M,04,1793,523,82
graphvar/2018_GE_LK2_14_M_07P.xml,2018,GE,M,07,1966,583,96
graphvar/2018_GE_LK2_15_W_05P.xml,2018,GE,W,05,1129,405,68
graphvar/2018_GE_LK2_16_W_03P.xml,2018,GE,W,03,2200,664,225
